call,location,store
063-229-1786,"전북 전주시 완산구 우전로 240 효자점 이니스프리 (효자동2가,홈플러스)",홈플러스_IF효자점 
031-613-5329,"경기 화성시 동탄중앙로 200 상가동 홈플러스 화성동탄점 이니스프 (반송동,메타폴리스)",홈플러스_IF화성동탄점 
031-366-2291,"경기 화성시 향남읍 향남로 402 향남점 지하1층 이니스프리 (행정리,홈플러스화성향남점)",홈플러스_IF향남점 
02-337-0790,"서울 마포구 양화로 45 합정점 이니스프리 (서교동,홈플러스)",홈플러스_IF합정점 
031-983-9438,경기 김포시 풍무로 167 (풍무동),홈플러스_IF풍무점 
054-273-6210,경북 포항시 남구 중흥로 77 (상도동),홈플러스_IF포항점 
031-684-8828,경기 평택시 안중읍 서동대로 1489 홈플러스 홈플러스 평택안중점 지하2층 이니스프리 (현화리),홈플러스_IF평택안중점 
031-382-0909,경기 안양시 동안구 동안로 162 홈플러스 평촌점 지하1층 이니스프리 (비산동),홈플러스_IF평촌점 
031-952-7139,"경기 파주시 문산읍 방촌로 1759 파주문산점 이니스프리 (당동리,홈플러스)",홈플러스_IF파주문산점 
042-472-5342,"대전 서구 둔산중로 1 탄방점 이니스프리 (탄방동,홈플러스)",홈플러스_IF탄방점 
02-3439-7173,"서울 구로구 경인로 661 신도림1차 푸르지오 지하1,2층 홈플러스 신 (신도림동)",홈플러스_IF신도림점 
051-802-3454,"부산 부산진구 동천로 4 서면점 이니스프리 (전포동,홈플러스)",홈플러스_IF서면점 
02-802-4149,서울 금천구 시흥대로 201 홈플러스 시흥점 지하1층 이니스프리 (시흥동),홈플러스_IF시흥점 
032-888-7139,인천 중구 참외전로 246 홈플러스 숭의점 지하3층 이니스프리 (도원동),홈플러스_IF숭의점 
061-744-1786,전남 순천시 팔마로 222 (풍덕동),홈플러스_IF순천풍덕점 
061-723-1786,"전남 순천시 신월큰길 10 순천조례점 이니스프리 (조례동,홈플러스)",홈플러스_IF순천조례점 
031-662-7172,경기 평택시 경기대로 1103 (장당동),홈플러스_IF송탄점 
051-746-6732,"부산광역시 해운대구광역시 센텀동로 6 센텀시티점 이니스프리 (우동,홈플러스)",홈플러스_IF센텀시티점 
044-862-9509,"세종 절재로 154 세종점 (어진동,홈플러스)",홈플러스_IF세종점 
053-521-5790,"대구 달서구 달구벌대로 1467 성서점 이니스프리 (용산동,홈플러스)",홈플러스_IF성서점 
051-311-0479,"부산 사상구 광장로 7 지하1층 (괘법동,홈플러스서부산점)",홈플러스_IF서부산점 
042-543-8905,"대전 유성구 대정로 23 1층 (대정동,홈플러스서대전점)",홈플러스_IF서대전점 
064- 733-0316,"제주 서귀포시 중앙로 180 1층 이니스프리 (동홍동,홈플러스)",홈플러스_IF서귀포점 
053-631-3943,"대구 달서구 월배로 183 상인점 이니스프리 (상인동,홈플러스)",홈플러스_IF상인점 
033-575-7172,"강원 삼척시 중앙로 258 삼척점 이니스프리 (당저동,홈플러스)",홈플러스_IF삼척점 
031-251-7172,"경기 수원시 장안구 경수대로 930 2층 북수원점 (조원동,홈플러스)",홈플러스_IF북수원점 
032-674-7172,경기 부천시 오정구 소사로 663 홈플러스 부천여월점 지하2층 (여월동),홈플러스_IF부천여월점 
032-327-2673,경기 부천시 원미구 길주로 118 (상동),홈플러스_IF부천상동점 
02-423-1201,"서울 송파구 올림픽로35가길 16 잠실점 지하1층 이니스프리 (신천동,홈플러스)",홈플러스_IF잠실점 
051-727-7798,"부산 기장군 정관면 정관5로 50 부산정관점 (매학리,홈플러스부산정관점)",홈플러스_IF부산정관점 
041-936-1376,"충남 보령시 명암1길 17 보령점 이니스프리 (명천동,홈플러스)",홈플러스_IF보령점 
031-216-7139,"경기 수원시 영통구 중부대로 437 원천점 이니스프리 (원천동,홈플러스)",홈플러스_IF원천점 
02-3494-1201,"서울 도봉구 도봉로 678 방학점 지하2층 이니스프리 (방학동,홈플러스)",홈플러스_IF방학점 
032-556-2673,인천 계양구 계양대로 27 (작전동),홈플러스_IF작전점 
032-561-6087,인천 서구 중봉대로 587 홈플러스 인천청라점 지하2층 이니스프리 (경서동),홈플러스_IF인천청라점 
032-818-0790,"인천 연수구 청능대로 210 인천연수점 지하1층 이니스프리 (동춘동,홈플러스)",홈플러스_IF인천연수점 
032-811-9124,인천광역시 연수구 송도국제대로 165 (송도동) 홈플러스 인천송도점 지하1층 이니스프리,홈플러스_IF인천송도점 
032-438-7172,"인천광역시 남동구 청능대로 596 인천논현점 이니스프리 (논현동,홈플러스)",홈플러스_IF인천논현점 
031-851-6342,경기 의정부시 청사로 38 (금오동),홈플러스_IF의정부점 
042-822-9434,"대전 유성구 한밭대로 502 2층 (봉명동,홈플러스)",홈플러스_IF유성점 
054-635-2717,경북 영주시 대학로 29 (휴천동),홈플러스_IF영주점 
053-327-2736,대구 북구 동암로12길 8 (동천동),홈플러스_IF칠곡점 
033-766-1201,"강원 원주시 치악로 1489 원주관설점 3층 이니스프리 (관설동,홈플러스)",홈플러스_IF원주관설점 
052-286-7742,울산 중구 번영로 475 (복산동),홈플러스_IF울산중구 
052-234-0954,울산 동구 방어진순환도로 637 외 33필지 (일산동),홈플러스_IF울산동구 
052-258-7742,울산광역시 남구 수암로 148 (야음동),홈플러스_IF울산남구 
063-242-1786,전북 전주시 덕진구 백제대로 771 (우아동3가),홈플러스_IF우아점 
062-288-1786,"전북 전주시 완산구 기린대로 170 완산점 이니스프리 (중노송동,홈플러스)",홈플러스_IF완산점 
051-522-9150,"부산 해운대구 선수촌로21번길 37 반여점 이니스프리 (반여동,홈플러스)",홈플러스_IF반여점 
054-552-0454,"경북 문경시 모전로 65 문경점 이니스프리 (모전동,홈플러스)",홈플러스_IF문경점 
02-432-7189,"서울 중랑구 사가정로 332 1층 이니스프리 (면목동,홈플러스면목점)",홈플러스_IF면목점 
055-251-1110,"경남 창원시 마산회원구 삼호로 56 마산점 3층 이니스프리 (양덕동,홈플러스)",홈플러스_IF마산점 
042-488-3327,대전 서구 문예로 107 (둔산동),홈플러스_IF둔산점 
053-985-7776,"대구 동구 동촌로 127 지하2층 (검사동,홈플러스동촌점)",홈플러스_IF동촌점 
043-214-8767,"충북 청주시 청원구 충청대로 114 동청주점 (율량동,홈플러스)",홈플러스_IF동청주점 
02-3151-0401,서울 마포구 월드컵로 240 (월드컵경기장내아모레매장) (성산동),홈플러스_IF월드컵점 
02-942-7172,서울 성북구 화랑로 76 홈플러스 월곡점 지하1층 이니스프리 (하월곡동),홈플러스_IF월곡점 
02-2672-0790,"서울특별시 영등포구 당산로 42 영등포점 이니스프리 (문래동3가,삼성홈플러스빌딩)",홈플러스_IF영등포점 
051-412-2894,"부산 영도구 대교로14번길 57 영도점 이니스프리 (봉래동2가,홈플러스)",홈플러스_IF영도점 
051-851-3534,"부산 연제구 반송로 88 연산점 이니스프리 (연산동,홈플러스)",홈플러스_IF연산점 
031-725-1272,경기 성남시 분당구 성남대로925번길 16 (야탑동),홈플러스_IF야탑점 
031-427-7217,"경기 안양시 동안구 엘에스로 76 안양점 이니스프리 (호계동,홈플러스)",홈플러스_IF안양점 
031-405-7172,"경기도 안산시 상록구 충장로 432 2층 안산점 이니스프리 (성포동,삼성홈플러스)",홈플러스_IF안산점 
031-411-1201,경기 안산시 단원구 삼일로 316 홈플러스 안산선부점 지하1층 이니스프리 (선부동),홈플러스_IF안산선부점 
054-841-7977,"경북 안동시 경동로 656 안동점 이니스프리 (운흥동,홈플러스)",홈플러스_IF안동점 
051-501-4932,"부산 연제구 종합운동장로 7 1층 아시아드점 (거제동,홈플러스)",홈플러스_IF아시아드점 
033-263-0790,강원 춘천시 김유정로 1840 홈플러스 춘천점 지하 2층 이니스프리 (퇴계동),홈플러스_IF춘천점 
043-231-5241,"충북 청주시 흥덕구 서부로 1291 청주점 이니스프리 (가경동,홈플러스)",홈플러스_IF청주점 
043-221-3312,충북 청주시 상당구 사직대로 346 (서문동),홈플러스_IF청주성안점 
043-214-8195,충북 청주시 청원구 오창읍 중심상업1로 8-11 지하1층 (양청리),홈플러스_IF오창점 
031-375-7246,"경기 오산시 청학로 238 오산점 지하 1층 이니스프리 (수청동,홈플러스)",홈플러스_IF오산점 
031-202-8186,"경기 수원시 영통구 봉영로 1576 영통점 2층 이니스프리 (영통동,홈플러스)",홈플러스_IF영통점 
031-226-4556,경기 수원시 팔달구 효원로 257 (인계동),홈플러스_IF동수원점 
051-552-0094,"부산 동래구 중앙대로 1523 지하1층 (온천동,홈플러스동래점)",홈플러스_IF동래점 
041-556-8905,충남 천안시 동남구 천안대로 574 홈플러스 천안점 지하2층 이니스프리 (구성동),홈플러스_IF천안점 
041-574-5780,"충남 천안시 동남구 신촌1길 23 천안신방점 1층 이니스프리 (신방동,홈플러스)",홈플러스_IF천안신방점 
055-237-4850,"경남 창원시 의창구 창원대로 415 창원점 이니스프리 (팔용동,삼성홈플러스)",홈플러스_IF창원점 
055-543-1153,경남 창원시 진해구 충장로 356 (이동),홈플러스_IF진해점 
031-527-7804,"경기 남양주시 진접읍 금강로 1447 지하2층 (장현리,홈플러스진접점)",홈플러스_IF진접점 
054-272-6881,"경북 포항시 북구 중흥로 328 죽도점 이니스프리 (죽도동,홈플러스)",홈플러스_IF죽도점 
042-622-8698,"대전 동구 한밭대로 1282 동대전점 지하1층 이니스프리 (용전동,홈플러스)",홈플러스_IF동대전점 
02-960-1201,서울 동대문구 천호대로 133 홈플러스 동대문점 지하1층 이니스프리 (용두동),홈플러스_IF동대문점 
062-268-1786,광주 북구 동문대로 200 (두암동),홈플러스_IF동광주점 
053-341-8349,대구 북구 중앙대로 543 (칠성동2가),홈플러스_IF대구점 
053-759-2930,"대구 수성구 유니버시아드로 140 대구스타디움점 이니스프리 (대흥동,홈플러스)",홈플러스_IF대구스타디움점 
053-622-1145,"대구 남구 대명로 116 남대구점 (대명동,홈플러스)",홈플러스_IF남대구점 
031-970-7139,"경기 고양시 덕양구 백양로 79 화정점 이니스프리 (화정동,이마트)",이마트_IF화정점 
055-322-6854,"경남 김해시 김해대로 2078 김해점 이니스프리 (내동,삼성홈플러스)",홈플러스_IF김해점 
031-987-7139,"경기 김포시 중봉로 14 김포점 내 이니스프리 (감정동,홈플러스)",홈플러스_IF김포점 
063-547-1786,"전북 김제시 금성로 114 김제점 이니스프리 (검산동,홈플러스)",홈플러스_IF김제점 
02-808-7172,서울 금천구 시흥대로 391 (독산동),홈플러스_IF금천점 
031-970-7139,"경기 고양시 덕양구 백양로 79 화정점 이니스프리 (화정동,이마트)",이마트_IF화정점 
051-746-7069,"부산 해운대구 좌동순환로 511 해운대점 이니스프리 (중동,이마트)",이마트_IF해운대점 
051-746-7069,"부산 해운대구 좌동순환로 511 해운대점 이니스프리 (중동,이마트)",이마트_IF해운대점 
02-912-1201,"서울특별시 성북구 종암로 167 (하월곡동, 동일하이빌뉴시티)",이마트_IF하월곡점 
02-912-1201,"서울특별시 성북구 종암로 167 (하월곡동, 동일하이빌뉴시티)",이마트_IF하월곡점 
031-791-1840,"경기 하남시 덕풍서로 70 하남점 이니스프리 (덕풍동,이마트)",이마트_IF하남점 
031-791-1840,"경기 하남시 덕풍서로 70 하남점 이니스프리 (덕풍동,이마트)",이마트_IF하남점 
031-975-8318,"경기 고양시 일산동구 무궁화로 237 풍산점 이니스프리 (중산동,이마트)",이마트_IF풍산점 
031-975-8318,"경기 고양시 일산동구 무궁화로 237 풍산점 이니스프리 (중산동,이마트)",이마트_IF풍산점 
054-274-0363,"경북 포항시 남구 냉천로 10 1층 이니스프리 (인덕동,이마트포항점)",이마트_IF포항점 
054-274-0363,"경북 포항시 남구 냉천로 10 1층 이니스프리 (인덕동,이마트포항점)",이마트_IF포항점 
031-541-8654,"경기 포천시 호국로 915 포천점 이니스프리 (설운동,이마트)",이마트_IF포천점 
031-541-8654,"경기 포천시 호국로 915 포천점 이니스프리 (설운동,이마트)",이마트_IF포천점 
031-657-8142,"경기 평택시 영신로 29 평택점 이니스프리 (지제동,이마트)",이마트_IF평택점 
031-657-8142,"경기 평택시 영신로 29 평택점 이니스프리 (지제동,이마트)",이마트_IF평택점 
055-642-7096,"경남 통영시 광도면 죽림4로 9 통영점 이니스프리 (죽림리,이마트)",이마트_IF통영점 
055-642-7096,"경남 통영시 광도면 죽림4로 9 통영점 이니스프리 (죽림리,이마트)",이마트_IF통영점 
031-911-1290,경기도 고양시 일산서구 대화동 1359 이마트 킨텍스점 2층 이니스프리,이마트_IF킨텍스점 
031-911-1290,경기도 고양시 일산서구 대화동 1359 이마트 킨텍스점 2층 이니스프리,이마트_IF킨텍스점 
043-283-6018,"충북 청주시 서원구 청남로 1853 청주점 이니스프리 (미평동,이마트)",이마트_IF청주점 
054-462-4908,"경상북도 구미시 구미대로 174 구미점 이니스프리 (광평동,홈플러스)",홈플러스_IF구미점 
053-814-3320,경북 경산시 경안로 283 홈플러스 경산점 지하 2층 이니스프리 (중방동),홈플러스_IF경산점 
063-277-1786,전북 전주시 완산구 당산로 111 이마트전주점 이니스프리 (서신동),이마트_IF전주점 
,대구광역시 달서구 진천로 92,이마트_IF월배점 
043-283-6018,"충북 청주시 서원구 청남로 1853 청주점 이니스프리 (미평동,이마트)",이마트_IF청주점 
02-472-7139,"서울 강동구 천호대로 1017 천호점 1층 이니스프리 (천호동,이마트)",이마트_IF천호점 
02-472-7139,"서울 강동구 천호대로 1017 천호점 1층 이니스프리 (천호동,이마트)",이마트_IF천호점 
041-579-9266,"충남 천안시 서북구 충무로 187 천안점 이니스프리 (쌍용동,이마트)",이마트_IF천안점 
041-579-9266,"충남 천안시 서북구 충무로 187 천안점 이니스프리 (쌍용동,이마트)",이마트_IF천안점 
041-522-3441,"충남 천안시 서북구 삼성대로 20 천안서북점 이니스프리 (백석동,이마트)",이마트_IF천안서북점 
062-951-7133,"광주 광산구 용아로 390 광주하남점 이니스프리 (하남동,홈플러스)",홈플러스_IF광주하남점 
061-795-2717,전남 광양시 항만11로 70 (중동),홈플러스_IF광양점 
051-752-0734,부산 수영구 수영로 625 홈플러스익스프레스 광안점 이니스프리 (광안동),홈플러스_IF광안점(E) 
031-410-1827,"경기 안산시 단원구 광덕대로 175 2층 이니스프리 (고잔동,홈플러스)",홈플러스_IF고잔점 
031-936-7665,"경기 고양시 일산동구 중앙로 1036 홈플러스 일산터미널점 이니스프리 (백석동,고양종합터미)",홈플러스_IF고양터미널점 
032-555-1827,"인천 계양구 오조산공원로 14 3층 1061호 (계산동,홈플러스)",홈플러스_IF계산점 
02-2668-7189,"서울 강서구 화곡로 398 강서점 이니스프리 (등촌동,홈플러스)",홈플러스_IF강서점 
033-647-7172,"강원 강릉시 경강로 2120 강릉점 이니스프리 매장 (옥천동,홈플러스)",홈플러스_IF강릉점 
02-470-6473,"서울 강동구 양재대로 1571 강동점 1층 이니스프리 (천호동,홈플러스)",홈플러스_IF강동점 
032-873-7172,"인천 남동구 경원대로 971 간석점 1층 이니스프리 (간석동,홈플러스)",홈플러스_IF간석점 
032-581-0790,"인천 서구 가정로151번길 11 1층 가좌점 이니스프리 (가좌동,홈플러스)",홈플러스_IF가좌점 
02-2658-7128,"서울 강서구 양천로 431 지하2층 (가양동,홈플러스가양점)",홈플러스_IF가양점 
063-277-1786,전북 전주시 완산구 당산로 111 이마트전주점 이니스프리 (서신동),이마트_IF전주점 
031-902-7139,"경기 고양시 일산동구 중앙로 1124 1층 일산점 이니스프리 (백석동,이마트)",이마트_IF일산점 
031-902-7139,"경기 고양시 일산동구 중앙로 1124 1층 일산점 이니스프리 (백석동,이마트)",이마트_IF일산점 
02-959-1201,"서울 동대문구 이문로 136 (이문동,이문동웰츠타워)",이마트_IF이문점 
02-959-1201,"서울 동대문구 이문로 136 (이문동,이문동웰츠타워)",이마트_IF이문점 
031-851-6803,"경기 의정부시 민락로 210 의정부점 이니스프리 (민락동,이마트)",이마트_IF의정부점 
031-851-6803,"경기 의정부시 민락로 210 의정부점 이니스프리 (민락동,이마트)",이마트_IF의정부점 
,대구광역시 달서구 진천로 92,이마트_IF월배점 
02-948-4507,"서울 노원구 마들로3길 15 월계점 이니스프리 (월계동,이마트)",이마트_IF월계점 
02-948-4507,"서울 노원구 마들로3길 15 월계점 이니스프리 (월계동,이마트)",이마트_IF월계점 
052-256-3822,"울산 남구 남중로 48 울산점 이니스프리 (삼산동,이마트)",이마트_IF울산점 
052-256-3822,"울산 남구 남중로 48 울산점 이니스프리 (삼산동,이마트)",이마트_IF울산점 
031-339-0790,경기 용인시 처인구 명지로 53 외 1필지 (역북동),이마트_IF용인점 
031-339-0790,경기 용인시 처인구 명지로 53 외 1필지 (역북동),이마트_IF용인점 
041-522-3441,"충남 천안시 서북구 삼성대로 20 천안서북점 이니스프리 (백석동,이마트)",이마트_IF천안서북점 
031-889-7639,"경기 용인시 수지구 포은대로 552 죽전점 이니스프리 (죽전동,이마트)",이마트_IF죽전점 
031-889-7639,"경기 용인시 수지구 포은대로 552 죽전점 이니스프리 (죽전동,이마트)",이마트_IF죽전점 
02-2200-1288,"서울 성동구 왕십리광장로 17 왕십리점 2층 이니스프리 (행당동,이마트)",이마트_IF왕십리점 
062-224-1786,광주 동구 무등로 314 (계림동),홈플러스_IF계림점 
042-551-0407,"충남 계룡시 계룡대로 304 계룡점 이니스프리 (금암동,홈플러스)",홈플러스_IF계룡점 
054-741-0723,"경북 경주시 공단로 97 경주점 (용강동,홈플러스)",홈플러스_IF경주점 
051-891-0271,"부산 부산진구 가야대로 506 가야점 2층 (가야동,홈플러스)",홈플러스_IF가야점 
02-371-2470,경기도 고양시 덕양구 동송로 20 (동산동) 이니스프리,하나로마트_IF삼송점 
02-352-4635,"서울 은평구 은평로 111 은평점 2층 이니스프리 (응암동,이마트)",이마트_IF은평점 
02-352-4635,"서울 은평구 은평로 111 은평점 2층 이니스프리 (응암동,이마트)",이마트_IF은평점 
02-2012-1204,서울 용산구 한강대로21나길 17 이마트 용산점 지하1층 이니스프리 (한강로3가),이마트_IF용산점 
02-2012-1204,서울 용산구 한강대로21나길 17 이마트 용산점 지하1층 이니스프리 (한강로3가),이마트_IF용산점 
02-2200-1288,"서울 성동구 왕십리광장로 17 왕십리점 2층 이니스프리 (행당동,이마트)",이마트_IF왕십리점 
031-378-7139,경기 오산시 경기대로 181 (원동),이마트_IF오산점 
031-378-7139,경기 오산시 경기대로 181 (원동),이마트_IF오산점 
051-851-4121,"부산 연제구 연수로 89 연제점 1층 이니스프리 (연산동,이마트)",이마트_IF연제점 
051-851-4121,"부산 연제구 연수로 89 연제점 1층 이니스프리 (연산동,이마트)",이마트_IF연제점 
032-811-1937,"인천 연수구 경원대로 184 연수점 이니스프리 (동춘동,이마트)",이마트_IF연수점 
031-353-6070,경기 화성시 향남읍 제약공단2길 46 (상신리),코스맥스(주) 
032-811-1937,"인천 연수구 경원대로 184 연수점 이니스프리 (동춘동,이마트)",이마트_IF연수점 
02-783-1201,"서울 영등포구 여의동로3길 10 (여의도동,여의도자이아파트)",이마트_IF여의도점 
02-783-1201,"서울 영등포구 여의동로3길 10 (여의도동,여의도자이아파트)",이마트_IF여의도점 
061-655-1786,"전남 여수시 좌수영로 277 여수점 1층 이니스프리 (오림동,이마트)",이마트_IF여수점 
061-655-1786,"전남 여수시 좌수영로 277 여수점 1층 이니스프리 (오림동,이마트)",이마트_IF여수점 
031-858-7139,"경기 양주시 평화로 1713 양주점 이니스프리 (회정동,이마트양주점)",이마트_IF양주점 
031-858-7139,"경기 양주시 평화로 1713 양주점 이니스프리 (회정동,이마트양주점)",이마트_IF양주점 
02-2155-1164,"서울 서초구 매헌로 16 양재점 이니스프리 (양재동,이마트)",이마트_IF양재점 
02-2155-1164,"서울 서초구 매헌로 16 양재점 이니스프리 (양재동,이마트)",이마트_IF양재점 
070-7746-5521,"경남 양산시 양산역6길 12 양산점 이니스프리 (중부동,이마트)",이마트_IF양산점 
070-7746-5521,"경남 양산시 양산역6길 12 양산점 이니스프리 (중부동,이마트)",이마트_IF양산점 
031-388-7418,경기도 안양시 동안구 관악대로 104 (주)리홈 안양이마트,이마트_IF안양점 
031-388-7418,경기도 안양시 동안구 관악대로 104 (주)리홈 안양이마트,이마트_IF안양점 
031-673-1376,경기 안성시 중앙로 246 (석정동),이마트_IF안성점 
031-673-1376,경기 안성시 중앙로 246 (석정동),이마트_IF안성점 
054-841-3837,"경북 안동시 옥동1길 2 안동점 이니스프리 (옥동,이마트)",이마트_IF안동점 
054-841-3837,"경북 안동시 옥동1길 2 안동점 이니스프리 (옥동,이마트)",이마트_IF안동점 
041-534-9225,충남 아산시 온천대로 1678 이마트 아산점 지하 1층 이니스프리 (풍기동),이마트_IF아산점 
041-534-9225,충남 아산시 온천대로 1678 이마트 아산점 지하 1층 이니스프리 (풍기동),이마트_IF아산점 
064-749-1336,"제주 제주시 1100로 3348 신제주점 이니스프리 (노형동,이마트)",이마트_IF신제주점 
064-749-1336,"제주 제주시 1100로 3348 신제주점 이니스프리 (노형동,이마트)",이마트_IF신제주점 
02-861-4886,서울 구로구 새말로 97 신도림점 이니스프리 (구로동),이마트_IF신도림점 
02-861-4886,서울 구로구 새말로 97 신도림점 이니스프리 (구로동),이마트_IF신도림점 
033-535-5516,"강원 동해시 천곡로 100 2층 동해점 이니스프리 (천곡동,이마트)",이마트_IF동해점 
033-535-5516,"강원 동해시 천곡로 100 2층 동해점 이니스프리 (천곡동,이마트)",이마트_IF동해점 
031-8003-0790,"경기 화성시 동탄중앙로 376 1층 동탄점 이니스프리 (석우동,이마트)",이마트_IF동탄점 
031-8003-0790,"경기 화성시 동탄중앙로 376 1층 동탄점 이니스프리 (석우동,이마트)",이마트_IF동탄점 
032-777-5508,"인천 중구 인중로 134 1층 동인천점 이니스프리 (신생동,이마트)",이마트_IF동인천점 
032-777-5508,"인천 중구 인중로 134 1층 동인천점 이니스프리 (신생동,이마트)",이마트_IF동인천점 
031-679-0832,"경기 용인시 기흥구 동백죽전대로 444 동백점 이니스프리 (중동,이마트)",이마트_IF동백점 
031-679-0832,"경기 용인시 기흥구 동백죽전대로 444 동백점 이니스프리 (중동,이마트)",이마트_IF동백점 
054-471-6818,"경북 구미시 이계북로 23 동구미점 이니스프리 (임수동,이마트)",이마트_IF동구미점 
054-471-6818,"경북 구미시 이계북로 23 동구미점 이니스프리 (임수동,이마트)",이마트_IF동구미점 
055-835-3577,"경남 사천시 삼천포대교로 591 사천점 이니스프리 (좌룡동,이마트)",이마트_IF사천점 
055-835-3577,"경남 사천시 삼천포대교로 591 사천점 이니스프리 (좌룡동,이마트)",이마트_IF사천점 
032-528-7173,"인천 부평구 주부토로 241 부평점 이니스프리 (갈산동,이마트)",이마트_IF부평점 
032-528-7173,"인천 부평구 주부토로 241 부평점 이니스프리 (갈산동,이마트)",이마트_IF부평점 
032-611-5480,"경기 부천시 소사구 부천로 1 부천점 이니스프리 (심곡본동,이마트)",이마트_IF부천점 
032-611-5480,"경기 부천시 소사구 부천로 1 부천점 이니스프리 (심곡본동,이마트)",이마트_IF부천점 
062-676-1786,"광주 남구 봉선로 198 봉선점 이니스프리 (봉선동,이마트)",이마트_IF봉선점 
062-676-1786,"광주 남구 봉선로 198 봉선점 이니스프리 (봉선동,이마트)",이마트_IF봉선점 
031-572-7767,"경기 남양주시 순화궁로 167 별내점 이니스프리 (별내동,이마트)",이마트_IF별내점 
031-572-7767,"경기 남양주시 순화궁로 167 별내점 이니스프리 (별내동,이마트)",이마트_IF별내점 
031-278-7359,"경기 수원시 권선구 수인로 291 2층 서수원점 이니스프리 (구운동,이마트)",이마트_IF서수원점 
053-961-3190,"대구 동구 안심로 389-2 반야월점 이니스프리 (신서동,이마트)",이마트_IF반야월점 
031-558-7139,경기 남양주시 도농로 24 이마트 도농점 지하 1층 이니스프리 (도농동),이마트_IF도농점 
031-278-7359,"경기 수원시 권선구 수인로 291 2층 서수원점 이니스프리 (구운동,이마트)",이마트_IF서수원점 
064-738-9138,"제주 서귀포시 일주동로 9209 서귀포점 이니스프리 (법환동,이마트)",이마트_IF서귀포점 
064-738-9138,"제주 서귀포시 일주동로 9209 서귀포점 이니스프리 (법환동,이마트)",이마트_IF서귀포점 
02-435-5508,"서울 중랑구 상봉로 118 1층 이니스프리 (망우동,이마트상봉점)",이마트_IF상봉점 
02-435-5508,"서울 중랑구 상봉로 118 1층 이니스프리 (망우동,이마트상봉점)",이마트_IF상봉점 
062-381-1786,"광주 서구 운천로 263 1층 이니스프리 (치평동,이마트상무점)",이마트_IF상무점 
053-961-3190,"대구 동구 안심로 389-2 반야월점 이니스프리 (신서동,이마트)",이마트_IF반야월점 
051-631-9426,"부산 남구 전포대로91번길 47 문현점 이니스프리 (문현동,이마트)",이마트_IF문현점 
051-631-9426,"부산 남구 전포대로91번길 47 문현점 이니스프리 (문현동,이마트)",이마트_IF문현점 
061-285-1786,전남 목포시 옥암로 138 (옥암동),이마트_IF목포점 
061-285-1786,전남 목포시 옥암로 138 (옥암동),이마트_IF목포점 
055-221-7859,"경남 창원시 마산합포구 서성로 3 마산점 이니스프리 (중앙동3가,이마트)",이마트_IF마산점 
031-558-7139,경기 남양주시 도농로 24 이마트 도농점 지하 1층 이니스프리 (도농동),이마트_IF도농점 
055-321-3243,"경상남도 김해시 전하로304번길 24 (외동), 이마트 김해점 2층 이니스프리",이마트_IF김해점 
055-321-3243,"경상남도 김해시 전하로304번길 24 (외동), 이마트 김해점 2층 이니스프리",이마트_IF김해점 
031-986-7172,경기 김포시 김포한강7로 71 이마트 김포한강점 지하1층 이니스프리 (구래동),이마트_IF김포한강점 
031-986-7172,경기 김포시 김포한강7로 71 이마트 김포한강점 지하1층 이니스프리 (구래동),이마트_IF김포한강점 
051-583-5813,부산 금정구 중앙대로1841번길 24 금정점 이니스프리 (구서동),이마트_IF금정점 
051-583-5813,부산 금정구 중앙대로1841번길 24 금정점 이니스프리 (구서동),이마트_IF금정점 
031-261-2932,경기도 용인시 수지구 수지로 203 1층,이마트_IF수지점 
062-381-1786,"광주 서구 운천로 263 1층 이니스프리 (치평동,이마트상무점)",이마트_IF상무점 
031-391-2987,"경기 군포시 산본로 347 산본점 이니스프리 (산본동,이마트)",이마트_IF산본점 
031-391-2987,"경기 군포시 산본로 347 산본점 이니스프리 (산본동,이마트)",이마트_IF산본점 
055-221-7859,"경남 창원시 마산합포구 서성로 3 마산점 이니스프리 (중앙동3가,이마트)",이마트_IF마산점 
042-472-8711,"대전 서구 둔산북로 41 둔산점 이니스프리 (둔산동,이마트)",이마트_IF둔산점 
042-472-8711,"대전 서구 둔산북로 41 둔산점 이니스프리 (둔산동,이마트)",이마트_IF둔산점 
054-462-5444,"경북 구미시 구미대로 256 구미점 이니스프리 (광평동,이마트)",이마트_IF구미점 
054-462-5444,"경북 구미시 구미대로 256 구미점 이니스프리 (광평동,이마트)",이마트_IF구미점 
031-261-2932,경기도 용인시 수지구 수지로 203 1층,이마트_IF수지점 
031-267-7280,"경기 수원시 권선구 경수대로 270 수원점 이니스프리 (권선동,이마트)",이마트_IF수원점 
031-267-7280,"경기 수원시 권선구 경수대로 270 수원점 이니스프리 (권선동,이마트)",이마트_IF수원점 
02-376-1201,"서울 은평구 수색로 217 수색점 이니스프리 (수색동,이마트)",이마트_IF수색점 
02-376-1201,"서울 은평구 수색로 217 수색점 이니스프리 (수색동,이마트)",이마트_IF수색점 
044-862-3279,"세종 금송로 687 세종점 이니스프리 (가람동,이마트)",이마트_IF세종점 
044-862-3279,"세종 금송로 687 세종점 이니스프리 (가람동,이마트)",이마트_IF세종점 
02-469-8203,"서울 성동구 뚝섬로 379 성수점 이니스프리 (성수동2가,이마트)",이마트_IF성수점 
02-469-8203,"서울 성동구 뚝섬로 379 성수점 이니스프리 (성수동2가,이마트)",이마트_IF성수점 
062-361-1786,"광주 서구 죽봉대로 61 광주신세계점 이니스프리 (화정동,이마트)",이마트_IF광주신세계점 
062-361-1786,"광주 서구 죽봉대로 61 광주신세계점 이니스프리 (화정동,이마트)",이마트_IF광주신세계점 
031-402-0577,경기도 안산시 단원구 원포공원1로 46,이마트_IF고잔점 
031-402-0577,경기도 안산시 단원구 원포공원1로 46,이마트_IF고잔점 
053-802-3360,"경북 경산시 옥산로 227 1층 이니스프리 (중산동,경산이마트)",이마트_IF경산점 
053-802-3360,"경북 경산시 옥산로 227 1층 이니스프리 (중산동,경산이마트)",이마트_IF경산점 
033-651-1202,"강원 강릉시 경강로 2398-10 강릉점 이니스프리 (송정동,이마트)",이마트_IF강릉점 
033-651-1202,"강원 강릉시 경강로 2398-10 강릉점 이니스프리 (송정동,이마트)",이마트_IF강릉점 
02-2063-3868,"서울 강서구 양천로 559 가양점 이니스프리 (가양동,이마트)",이마트_IF가양점 
053-521-0856,"대구 달서구 와룡로 143 상가 지하3층 이니스프리 (감삼동,우방드림시티)",이마트_IF감삼점 
053-521-0856,"대구 달서구 와룡로 143 상가 지하3층 이니스프리 (감삼동,우방드림시티)",이마트_IF감삼점 
055-338-4932,"경남 김해시 김해대로2492번길 20 김해점 이니스프리 (삼정동,메가마트)",메가마트_IF김해점 
02-2063-3868,"서울 강서구 양천로 559 가양점 이니스프리 (가양동,이마트)",이마트_IF가양점 
02-431-1201,서울 송파구 충민로 10 가든파이브 TOOL동 B1층 이니스프리 (문정동),이마트_IF가든5점 
02-431-1201,서울 송파구 충민로 10 가든파이브 TOOL동 B1층 이니스프리 (문정동),이마트_IF가든5점 
031-8072-8000,경기도 하남시 미사대로 750 스타필드 하남점 슈가컵,스타필드_IF하남점(슈가컵) 
051-802-1152,부산 부산진구 신천대로 241 롯데키즈마트 부산점 2층 이니스프리 (부암동),롯데키즈마트_IF부산점 
031-974-7173,"경기 고양시 덕양구 화중로 66 화정점 1층 이니스프리 (화정동,롯데마트)",롯데마트_IF화정점 
041-631-0236,"충남 홍성군 홍성읍 조양로247번길 9 홍성점 2층 (고암리,롯데마트)",롯데마트_IF홍성점 
031-657-6826,"경기 평택시 평택5로 30 2층 이니스프리 (합정동,롯데마트평택점)",롯데마트_IF평택점 
031-8016-5574,"경기 성남시 분당구 대왕판교로606번길 58 판교점 이니스프리 (삼평동,롯데마트)",롯데마트_IF판교점 
055-642-1074,"경남 통영시 무전대로 65 통영점 이니스프리 (무전동,롯데마트)",롯데마트_IF통영점 
043-848-3326,"충북 충주시 충원대로 626 충주점 이니스프리 (칠금동,롯데마트)",롯데마트_IF충주점 
033-241-5538,"강원 춘천시 방송길 84 1층 이니스프리 (온의동,롯데마트춘천점)",롯데마트_IF춘천점 
062-974-1786,"광주 광산구 첨단강변로99번길 22 첨단점 이니스프리 (쌍암동,롯데마트)",롯데마트_IF첨단점 
031-8072-8000,경기도 하남시 미사대로 750 스타필드 하남점 슈가컵,스타필드_IF하남점(슈가컵) 
041-583-2236,충남 천안시 서북구 천안대로 1348 (신당동),메가마트_IF천안점 
052-289-8678,"울산 북구 진장17길 10 울산점 이니스프리 (진장동,메가마트)",메가마트_IF울산점 
031-269-1290,"경기 수원시 장안구 만석로19번길 25-10 1층 이니스프리 (천천동,롯데마트천천점)",롯데마트_IF천천점 
051-552-5371,부산 동래구 충렬대로 197 (명륜동),메가마트_IF동래점 
051-623-8187,부산 수영구 황령대로 521 (남천동),메가마트_IF남천점 
041-571-9973,충남 천안시 서북구 월봉로 95 롯데마트 천안점 지하1층 이니스프리 (쌍용동),롯데마트_IF천안점 
055-275-8006,"경남 창원시 성산구 중앙대로 123 창원중앙점 이니스프리 (중앙동,롯데마트)",롯데마트_IF창원중앙점 
055-551-8810,"경남 창원시 진해구 진해대로 762 진해점 이니스프리 (석동,롯데마트)",롯데마트_IF진해점 
052-287-5642,"울산 북구 진장유통로 64 진장점 이니스프리 (진장동,롯데마트)",롯데마트_IF진장점 
031-919-1201,"경기 고양시 일산서구 중앙로 1496 (주엽동,문촌마을11단지아파트)",롯데마트_IF주엽점 
064-746-8236,제주 제주시 연북로 1 (3필지) 롯데마트 제주점 3층 이니스프리 (노형동),롯데마트_IF제주점 
063-536-1786,"전북 정읍시 벚꽃로 85 정읍점 이니스프리 (농소동,롯데마트)",롯데마트_IF정읍점 (폐쇄점) 
063-223-1786,"전북 전주시 완산구 바우배기2길 11 전주점 1층 이니스프리 (효자동2가,롯데마트)",롯데마트_IF전주점 
,"경남 김해시 번화1로56번길 15 장유점 이니스프리 (대청동,롯데마트)",롯데마트_IF장유점 
031-875-1201,"경기 의정부시 장곡로 224 장암점 지하 1층 이니스프리 (장암동,롯데마트)",롯데마트_IF장암점 
02-2143-1699,"서울 송파구 올림픽로 240 잠실점 1층 이니스프리 (잠실동,롯데마트)",롯데마트_IF잠실점 
031-421-0177,경기 의왕시 계원대학로 7 외2필지 (내손동),롯데마트_IF의왕점 
02-3213-2842,서울 송파구 올림픽로 300 롯데마트 월드타워점 지하2층 이니스프리 (신천동),롯데마트_IF월드타워점 
033-744-7139,"강원 원주시 봉화로 1 원주점 지하 1층 이니스프리 (단계동,롯데마트)",롯데마트_IF원주점 
,"경남 양산시 삼호1길 34 1층 웅상점 이니스프리 (삼호동,롯데마트)",롯데마트_IF웅상점 
,울산 남구 삼산로 74 롯데마트 울산점 지하1층 이니스프리 (달동),롯데마트_IF울산점 
031-375-4756,경기도 오산시 경기대로 271 롯데마트 오산점 이니스프리,롯데마트_IF오산점 
031-202-1227,"경기 수원시 영통구 봉영로 1579 1층 이니스프리 (영통동,롯데마트영통점)",롯데마트_IF영통점 
032-812-7173,"인천 연수구 청능대로 87 1층 (청학동,롯데마트연수점)",롯데마트_IF연수점 
061-282-1786,"전남 목포시 원형서로 15 2층 목포점 이니스프리 (상동,롯데마트)",롯데마트_IF목포점 
031-511-1205,"경기 남양주시 화도읍 경춘로 1992 1층 이니스프리 (마석우리,롯데마트마석점)",롯데마트_IF마석점 
055-224-4784,"경남 창원시 마산합포구 신마산시장길 33 1층 (창포동3가,롯데마트마산점)",롯데마트_IF마산점 
051-901-2142,"부산 기장군 기장읍 기장해안로 147 동부산점 1층 이니스프리 (당사리,롯데마트)",롯데마트_IF동부산점 
051-554-6063,부산 동래구 중앙대로 1393 (온천동),롯데마트_IF동래점 
031-576-1201,"경기 남양주시 와부읍 월문천로 33 덕소점 지하1층 이니스프리 (덕소리,롯데마트)",롯데마트_IF덕소점 
042-671-3320,대전 유성구 테크노중앙로 14 (관평동),롯데마트_IF대덕점 
061-692-1786,전남 여수시 무선로 187 (선원동),롯데마트_IF여천점 
053-607-2742,"대구 동구 안심로 80 대구율하점 이니스프리 (율하동,롯데마트)",롯데마트_IF대구율하점 
042-826-3342,"대전 유성구 북유성대로 206 노은점 이니스프리 (하기동,롯데마트)",롯데마트_IF노은점 
055-321-8583,"경남 김해시 김해대로 2330 김해부원점 이니스프리 (부원동,롯데마트)",롯데마트_IF김해부원점 
061-641-1786,"전남 여수시 국포1로 36 여수점 이니스프리 (국동,외4필지 롯데마트)",롯데마트_IF여수점 
055-299-4784,경상남도 창원시 마산회원구 용마로 133 (양덕동) 롯데마트 양덕점 이니스프리,롯데마트_IF양덕점 
031-657-4430,"경기 안성시 공도읍 서동대로 4478 안성점 이니스프리 (양기리,롯데마트)",롯데마트_IF안성점 
031-411-7318,"경기 안산시 상록구 항가울로 422 2층 이니스프리 (성포동,롯데마트안산점)",롯데마트_IF안산점 
031-897-7180,"경기 용인시 기흥구 진산로 116 수지점 이니스프리 (보정동,외4필지 롯데마트)",롯데마트_IF수지점 
02-362-7098,서울 중구 청파로 426 (봉래동2가),롯데마트_IF서울역점 
062-975-2853,"광주 광산구 장신로 98 수완점 이니스프리 (장덕동,롯데마트)",롯데마트_IF수완점 
02-406-9475,서울 송파구 중대로 80 (문정동),롯데마트_IF송파점 
041-564-0432,충남 천안시 서북구 성정두정로 1 (성정동),롯데마트_IF성정점 
043-232-1376,"충북 청주시 흥덕구 2순환로 1004 서청주점 이니스프리 (비하동,롯데마트)",롯데마트_IF서청주점 
041-662-2876,"충남 서산시 충의로 27 서산점 1층 이니스프리 (예천동,롯데마트)",롯데마트_IF서산점 
042-541-5479,"대전 유성구 유성대로 26-37 서대전점 이니스프리 (원내동,롯데마트)",롯데마트_IF서대전점 
062-382-1786,광주 서구 시청로 40 (치평동),롯데마트_IF상무점 
032-502-1201,"인천 부평구 길주로 623 삼산점 1층 이니스프리 (삼산동,롯데마트)",롯데마트_IF삼산점 
051-265-6063,"부산 사하구 을숙도대로 610 사하점 2층 이니스프리 (장림동,롯데마트)",롯데마트_IF사하점 
051-312-6063,"부산 사상구 낙동대로 733 사상점 이니스프리 (엄궁동,롯데마트)",롯데마트_IF사상점 
032-361-0358,"인천 부평구 광장로 16 부평역점 이니스프리 (부평동,롯데마트)",롯데마트_IF부평역점 
032-523-1201,인천 부평구 마장로 296 롯데마트 부평점 지하 1층 이니스프리 (산곡동),롯데마트_IF부평산곡점 
051-523-7318,"부산 해운대구 선수촌로 146-4 반여점 이니스프리 (반여동,롯데마트)",롯데마트_IF반여점 (폐쇄점) 
02-6116-1690,"서울 강서구 하늘길 38 김포공항점 이니스프리 (방화동,롯데마트)",롯데마트_IF김포공항점 
051-583-8355,부산 금정구 중앙대로 1731 (부곡동),롯데마트_IF금정점 
063-467-0786,"전북 군산시 수송로 185 군산점 이니스프리 (수송동,롯데마트)",롯데마트_IF군산점 
054-462-5510,경북 구미시 구미대로22길 11 외49필지 (신평동),롯데마트_IF구미점 
031-553-1984,경기 구리시 동구릉로136번길 57 (인창동),롯데마트_IF구리점 
02-2635-1530,서울 구로구 경인로 482 (구로동),롯데마트_IF구로점 
062-651-1786,"광주 서구 금화로 240 광주월드컵점 이니스프리 (풍암동,롯데마트)",롯데마트_IF광주월드컵점 
031-215-1201,"경기 수원시 영통구 센트럴타운로 85 광교점 이니스프리 (이의동,롯데마트)",롯데마트_IF광교점 
031-973-0789,"경기 고양시 덕양구 충장로 150 1층 고양점 이니스프리 (행신동,롯데마트고양점)",롯데마트_IF고양점 
032-549-1201,"인천 계양구 장제로 822 1층 이니스프리 (계산동,롯데마트계양점)",롯데마트_IF계양점 
033-262-1821,강원 춘천시 세실로 100-12 (석사동),롯데마트_ IF석사점 
043-297-3349,충북 청주시 상당구 용암북로160번길 60 (용암동),롯데마트_ IF상당점 
031-898-8239,경기 수원시 권선구 동수원로 232 (권선동),롯데마트_ IF권선점 
031-213-6206,"경기도 용인시 기흥구 흥덕2호87번길 18, 1층 에이124호 (영덕동,용인흥덕지구판매시설)",IF 흥덕 중앙점 
02-3390-4932,"서울특별시 동대문구 망우로 66, 1층 (휘경동)",IF 휘경점 
031-876-7225,경기 의정부시 평화로 363-8 A동 102호 (호원동),IF 회룡역점 
02-968-1137,서울특별시 동대문구 회기로 193 (휘경동),IF 회기역점 
031 972 1424,"경기 고양시 덕양구 화신로272번길 48 106호 (화정동,유퍼스트빌딩)",IF 화정점 
061-371-2300,전남 화순군 화순읍 광덕로 189 (만연리),IF 화순점 (신) 
031-366-5552,"경기도 화성시 향남읍 향남로 392, 우성메디피아 106호",IF 화성 향남점 
051-335-2757,"부산 북구 금곡대로285번길 16 104호 (화명동,메인프라자)",IF 화명점(신) 
031-238-6564,"경기 화성시 효행로 1056 1층 103호 (병점동,탑프라자)",IF 화성 병점점 
031-8003-8939,"경기도 화성시 동탄반석로 196 제상가-107 (반송동,아이프라자)",IF 화성 동탄점 
031-356-3662,"경기 화성시 남양읍 남양성지로 151 1층 101호 (남양리,현대프라자)",IF 화성 남양점 
02-2691-2197,서울 강서구 화곡로 143 (화곡동),IF 화곡점 
02-379-0019,서울 서대문구 통일로 437-1 (홍제동),IF 홍제직영점 
02-322-2347,"서울특별시 마포구 와우산로21길 36, 1층 (서교동)",IF 홍대 신 2호점 
02-322-1817,"서울 마포구 양화로18길 12 1층 (동교동,두영빌딩)",IF 홍대 3호점 
02-338-8177,서울 마포구 어울마당로 119 (동교동),IF 홍대 1호점 
031-455-2559,"경기도 안양시 동안구 경수대로 548, 1층 (호계동)",IF 호계사거리점 
02-2136-9741,"서울 금천구 디지털로10길 9, 현대아울렛 가산점 1층 (가산동 60-8번지)",IF 현대아울렛 가산점 
031-5170-1060,"경기 성남시 분당구 판교역로146번길 20 지하1층 이니스프리 (백현동,현대백화점판교점)",IF 현대 판교점 
032-623-1671,"경기 부천시 원미구 길주로 180 (중동,현대백화점)",IF 현대 중동점 
02-3467-8926,"서울 강남구 테헤란로 517 6층 (삼성동,현대백화점)",IF 현대 무역점 
02-2211-0783,"서울 구로구 경인로 662 B2호 층 (신도림동,디큐브시티)",IF 현대 디큐브시티점 
031-979-7368,"경기 고양시 덕양구 중앙로 452 1층 101호 (행신동,메디즈타워)",IF 행신점 
051-746-0522,"부산광역시 해운대구 중동1로 20, 1층 (중동)",IF 해운대비치점 
02-3144-2555,"서울 마포구 양화로 45 (서교동,메세나폴리스 B130)",IF 합정 메세나폴리스점 
02-742-2382,서울 성북구 동소문로 7 (동소문동1가),IF 한성대점 
031-406-3344,"경기 안산시 상록구 중보로 49 112호 (이동,숭실프라자)",IF 한대역점 
02-3785-0071,서울 용산구 대사관로 64 1층 일부 (한남동),IF 한남점 
031-708-0585,경기도 성남시 분당구 대왕판교로606번길 10 (백현동) 알파리움타워 1동 이니스프리 판교점,IF 플래그십스토어 판교점 
054-262-0795,경북 포항시 북구 흥해읍 흥해로 57 (성내리),IF 포항 흥해점 
010-4567-8668,경기도 광명시 일직로 40 (일직동),IF 코스트코 
053-326-7660,"대구 북구 동암로 100 101호 (동천동,씨네피아)",IF 칠곡 시네마점 (신) 
053-314-3318,대구 북구 칠곡중앙대로69길 9 (태전동),IF 칠곡 보건대점 
053-314-7779,대구 북구 학정로 38 1층 (태전동),IF 칠곡 매천점 
070-8849-4000,"충청북도 충주시 갱고개로 150 (연수동,대진빌딩)",IF 충주 연수점 
043-855-7900,"충북 충주시 성서3길 16 (성서동,명동타운 1-3호)",IF 충주 성서점 
062-223-2134,광주 동구 충장로 86 (충장로2가),IF 충장로점 
062 229 3131,광주 동구 충장로 72 (충장로3가),IF 충장로 와이즈파크점 
043-266-5325,충북 청주시 서원구 내수동로 116 (사창동),IF 충북대점 
043-225-1133,"충북 청주시 청원구 상당로 257 1층 (우암동,우인빌딩)",IF 충북 청주대점 
054-246-1002,"경북 포항시 북구 중앙상가4길 21 1층 (상원동,재연빌딩)",IF 포항 중앙점 
054-249-6169,경북 포항시 북구 용두산길 32 (두호동),IF 포항 장성점 
054-284-1195,경북 포항시 남구 포스코대로 135 (이동),IF 포항 이동점 
031-949-2477,"경기도 파주시 미래로 375, 106호 (동패동,삼성메디컬프라자)",IF 파주 한울점 
054-255-7881,"경북 포항시 북구 천마로72번길 33 602동 120호 (양덕동,삼구트리니엔 테라스상가)",IF 포항 양덕점 
054-293-1577,경북 포항시 남구 오천읍 원동로 51 (원리),IF 포항 문덕점 (신) 
031 542 8871,경기 포천시 소흘읍 솔모루로 86-3 (송우리),IF 포천 송우점 
031-651-5096,경기 평택시 평택2로 12 (평택동),IF 평택1번가점 
031-646-6457,"경기도 평택시 평택로 51 (평택동,AK백화점)",IF 평택 AK점 (신) 
031-383-4800,"경기도 안양시 동안구 관평로170번길 43, 130호 (관양동,훼미리타운)",IF 평촌역점 
031-421-5679,"경기 안양시 동안구 흥안대로456번길 32 상가동 102호 (평촌동,한일미래아파트)",IF 평촌 중앙점 
031-945-2476,"경기 파주시 미래로 620 105호 (와동동,해솔프라자)",IF 파주 운정점 
031-954-2609,경기 파주시 문산읍 문향로 66 (문산리),IF 파주 문산점 (신) 
031-944-2609,"경기 파주시 문화로 102 (금촌동,제1호)",IF 파주 금촌점 
031-957-9331,"경기도 파주시 책향기로 419, 1층 113호 (동패동,웰스피아 (교하중심상가))",IF 파주 교하점 
031-575-6855,경기 남양주시 퇴계원면 퇴계원로 33 (퇴계원리),IF 퇴계원점 
055-645-7882,경남 통영시 중앙로 277 (북신동),IF 통영 북신점 
031-912-5581,경기 고양시 일산서구 일현로 일원일산위브 더제니스스퀘어상가 209호(탄현동),IF 탄현역점 
02-2679-0585,"서울 영등포구 영중로 15 3층 313호 (영등포동4가,타임스퀘어)",IF 타임스퀘어 직영점 
,인천광역시 남동구 앵고개로654번길  9 (고잔동),IF 코스트코 통합물류 
043-534-1426,충북 진천군 진천읍 중앙동로 51 (읍내리),IF 충북 진천점 
043-836-6093,충북 증평군 증평읍 중앙로 211 (중동리),IF 충북 증평점 
043-643-9807,"충북 제천시 풍양로13길 14 102호 (중앙로2가,현불빌딩)",IF 충북 제천점 (신) 
043-733-2228,충북 옥천군 옥천읍 중앙로 51-1 (금구리),IF 충북 옥천점 
043-211-1426,충북 청주시 청원구 오창읍 오창대로 315 1층 101-2호 (양청리),IF 충북 오창점 
043-745-7010,충청북도 영동군 영동읍 중앙로 24,IF 충북 영동점 (신) 
043-543-2022,충북 보은군 보은읍 삼산로 21-1 1층 (삼산리),IF 충북 보은점 
043-882-8914,충북 음성군 금왕읍 무극로 282 (무극리),IF 충북 금왕점 
041-634-3367,충남 홍성군 홍성읍 조양로144번길 27 (오관리),IF 충남 홍성점 
02-2274-1336,서울 중구 퇴계로 220 1층 (충무로4가),IF 충무로역4가점 
042-822-9104,대전 유성구 궁동로18번길 45 (궁동),IF 충남대점 (신) 
070-7322-3356,"충남 태안군 태안읍 동백로 304 2동 101호 (남문리,태안시외버스터미널)",IF 충남 태안터미널점 
041-675-2254,충남 태안군 태안읍 중앙로 62 (남문리),IF 충남 태안점 
041-566-9010,"충남 천안시 동남구 은행길 2 1층 (대흥동,이니스프리)",IF 충남 천안역점 
041-331-0406,충남 예산군 예산읍 역전로 150-2 (산성리),IF 충남 예산점 
041-533-6670,"충남 아산시 온궁로 16 1층 (온천동,이니스프리)",IF 충남 아산점 
041-953-7411,충남 서천군 서천읍 서천로 165 (사곡리),IF 충남 서천점 
041-681-6164,충남 서산시 시장6로 27 (동문동),IF 충남 서산점 
041-833-0002,충남 부여군 부여읍 중앙로5번길 15 (구아리),IF 충남 부여점 
041-932-8871,충남 보령시 중앙로 69 (대천동),IF 충남 보령점 
041-353-3375,충남 당진시 당진중앙2로 103-14 (읍내동),IF 충남 당진점 
041-754-9756,충남 금산군 금산읍 비범로 20 (중도리),IF 충남 금산점 (신) 
041-854-0926,충남 공주시 웅진로 179 (중동),IF 충남 공주점 
041-852-6946,충남 공주시 공주대학로 75-1 (신관동),IF 충남 공주대점 
042-840-8736,충청남도 계룡시 엄사면 엄사중앙로 99,IF 충남 계룡점 (신) 
033-264-7171,"강원 춘천시 퇴계농공로 20 103호 (석사동,종로타워)",IF 춘천 석사점 
033-253-1980,강원도 춘천시 명동길 4 (중앙로2가),IF 춘천 명동점 
043-213-0202,"충북 청주시 청원구 주성로 269 1층 103호 (주성동,미래빌딩)",IF 청주 주성점 
033-252-7323,강원 춘천시 서부대성로 231-1 (효자동),IF 춘천 강원대점 
043-233-1757,충청북도 청주시 흥덕구 진재로 40 (복대동),IF 청주 하복대점 (신) 
043-908-4480,"충북 청주시 흥덕구 대농로 17 상가 1층 107호 (복대동,신영지웰시티)",IF 청주 지웰시티점 
043-211-2271,"충북 청주시 청원구 율봉로 97 108호 (율량동,베리돈타워)",IF 청주 율량점 
043-292-1215,"충청북도 청주시 서원구 산남로 54, 101호 (산남동)",IF 청주 산남점 (신) 
043-287-2280,"충북 청주시 서원구 1순환로1107번길 36 103호 (분평동,아주빌딩)",IF 청주 분평점 
043-221-6545,충북 청주시 상당구 성안로 6 (북문로1가),IF 청주 로데오점 (신) 
043-238-0670,"충북 청주시 흥덕구 2순환로 1233 1층 1530-3호 (가경동,드림플러스)",IF 청주 드림플러스점 
043-291-1026,"충북 청주시 상당구 수영로 285 105호 (금천동,튼튼타워)",IF 청주 금천점 
062-575-0616,광주 북구 첨단연신로 105 107호 (신용동),IF 첨단2지구점 
02-2067-7128,"경기 광명시 철산로 4 208호 (철산동,이천일아울렛)",IF 철산점 
02-472-1264,서울 강동구 천호대로 1027 (천호동),IF 천호대로점 
02-475-2481,"서울특별시 강동구 천호대로 997, 1층 12호 (천호동)",IF 천호2호점 
041-622-2664,"충남 천안시 동남구 만남로 38 1층 (신부동,도솔빌딩)",IF 천안신부점 
070-4224-1744,"충남 천안시 서북구 월봉로 93 1층 (쌍용동,토평빌딩)",IF 천안 쌍용제일점 (신) 
,"충남 천안시 서북구 월봉로 93 1층 (쌍용동,토평빌딩)",IF 천안 쌍용제일점 
,충남 천안시 서북구 봉서7길 14 (쌍용동),IF 천안 쌍용점 (신) (코드변경) 
041-592-9030,충남 천안시 서북구 봉서7길 14 (쌍용동),IF 천안 쌍용봉서점 
041-523-2920,"충청남도 천안시 서북구 검은들3길 58, 107호 (불당동,메가클래스블루)",IF 천안 불당점 
041-621-2122,충남 천안시 서북구 원두정10길 7 (두정동),IF 천안 두정점 
055-600-5789,경상남도 창원시 원이대로 320 (대원동) 더시티세븐 1층 E110호,IF 창원시티세븐점 
055-253-8358,"경상남도 창원시 의창구 팔용로 429, 105호 (팔용동,팔용프라자)",IF 창원 팔용점 
02-822-8492,서울 동작구 흑석로 101-1 1층 (흑석동),IF 중앙대점 
,서울 중랑구 망우로32길 20 (상봉동),IF 중랑점 (코드변경) 
02-432-5067,"서울 중랑구 망우로32길 20 104호 (상봉동,대림빌딩)",IF 중랑점 (신) 
02-463-2231,서울 광진구 면목로 133-1 (1호 1층전체) (중곡동),IF 중곡점 
02-934-0944,"서울 노원구 한글비석로 245 112호 (중계동,두타빌빌딩)",IF 중계점 
031-261-8660,"경기 용인시 기흥구 죽전로 57 1층 103호 (보정동,엘림프라자)",IF 죽전점 
031-889-2515,"경기 용인시 수지구 현암로 131 1층 101호 (죽전동,C.H리베로II)",IF 죽전 새터점 
032-873-5666,"인천 남구 주안로 지하 86 52층 (주안동,주안지하상가)",IF 주안점 
055-251-5710,경남 창원시 의창구 읍성로 77 1층 (소답동),IF 창원 소답점 (신) 
032-245-5454,"인천광역시 남구 주안로 지하 86, 269,270호 (주안동,주안역지하상가)",IF 주안2호점 
02-922-8760,"서울특별시 성북구 종암로 101, 1,2층 (종암동)",IF 종암점 
02-723-0585,"서울 종로구 종로 78 1층 101호 (종로2가,미려빌딩)",IF 종로점 
055-282-3850,"경남 창원시 성산구 동산로 124 종합상가 1층 151호 (상남동,성원)",IF 창원 성원주상가점 
055-275-8008,"경남 창원시 성산구 마디미로27번길 4 1층 (상남동,창영빌딩)",IF 창원 상남점 
055-276-2242,"경남 창원시 의창구 도계로 68 1층 101-2호 (도계동,전원빌딩)",IF 창원 도계점 
02-994-5354,"서울특별시 도봉구 노해로63길 79, 1층 108호 (창동,우림빌딩)",IF 창동점 (신) 
055-545-9888,"경남 창원시 진해구 용원로7번길 18 108호 (용원동,용원엘룩스상가)",IF 진해 용원점 (신) 
055-741-1211,경남 진주시 촉석로190번길 12 (대안동),IF 진주 대안점 
055-755-9393,"경상남도 진주시 진주대로 518, 102호 (가좌동,와이존빌딩)",IF 진주 경상대점 (신) 
064-743-0166,"제주특별자치도 제주시 우정로15길 2, 1층 (외도일동)",IF 제주 외도점 
02-722-7957,"서울 종로구 종로 69 E동 1호 (종로2가,종각지하상가)",IF 종각점 (신) 
064-794-5351,제주특별자치도 서귀포시 안덕면 서광리 1235-3번지,IF 제주하우스점 
064-794-5351,제주특별자치도 서귀포시 안덕면 서광리 1235-3번지,IF 제주하우스 제주F&B점 
02-734-0585,서울 종로구 삼청로 104 (삼청동),IF 제주하우스 삼청점 
055-367-2707,"경상남도 양산시 물금읍 청운로 185, 1층 110호 (오즈시티)",IF 증산신도시점 
02-491-6444,"서울특별시 중랑구 봉화산로 42, 1층 (중화동)",IF 중화역점 
064-747-4372,제주특별자치도 제주시 노연로 70 (연동),IF 제주 신라2호점 
064-702-2442,제주 제주시 광양14길 3 (이도이동),IF 제주 시청점 
064-783-0585,제주 서귀포시 성산읍 일출로 278 (성산리),IF 제주 성산일출봉점 
064-744-3639,"제주특별자치도 제주시 삼무로 26, 1층 (연동)",IF 제주 삼무로점 
064-749-3639,"제주 제주시 삼무로 2 1층 (연동,열린학원)",IF 제주 롯데시티점 
064-758-0453,"제주 제주시 중앙로 지하 60 138호 (일도일동,중앙지하상가)",IF 제주점 
064-758-0779,제주 제주시 동화로 30 (화북일동),IF 제주 화북점 
064-702-2566,"제주특별자치도 제주시 중앙로7길 9, 1층 (일도일동)",IF 제주 칠성로점 
064-756-0779,"제주특별자치도 제주시 고마로 99, 1층 (일도이동)",IF 제주 일도점 
064-724-2442,제주 제주시 승천로 79 103호 (아라이동),IF 제주 이도점 
064-702-2441,제주 제주시 광양10길 6 1층 (이도이동),IF 제주 대학로점 
064-744-4539,"제주 제주시 월랑로 39 1층 (노형동,동마빌딩)",IF 제주 노형점 
063-227-1565,"전북 완주군 이서면 기지로 51 106호 (갈산리,혁신빌딩)",IF 전주 혁신점 
,전북 전주시 완산구 모악로 4688 제1층 제지107호 (평화동2가),IF 전주 평화점 (코드변경) 
063-236-5425,"전북 전주시 완산구 모악로 4688 107호 (평화동2가,미주치과)",IF 전주 평화점 (신) 
063-251-8388,"전라북도 전주시 덕진구 전주천동로 470, 2층 주207호 (금암동,전주고속터미널내)",IF 전주 터미널점 
063-286-1565,"전북 전주시 덕진구 석소로 31 108동 101호 (인후동1가,아중제일아파트)",IF 전주 아중점 
063-255-5425,"전북 전주시 덕진구 송천중앙로 154 1층 (송천동1가,국민은행)",IF 전주 송천점 
063-273-0083,"전북 전주시 완산구 당산로 49 상가 109동 110호 (서신동,제일비사벌새터마을아파트)",IF 전주 서신점 
063-909-4022,전북 전주시 완산구 거마산3길 2 (삼천동1가),IF 전주 삼천점 (신) 
063-212-8003,전북 전주시 덕진구 쪽구름로 57-1 (여의동),IF 전주 동산점 
063-283-7006,전북 전주시 완산구 전주객사5길 24 (고사동),IF 전주 고사점 
063-253-8686,전북 전주시 덕진구 명륜4길 1-1 1층 (덕진동1가),IF 전북대점 
063-533-3210,전북 정읍시 정인1길 70 (수성동),IF 전북 정읍점 
063-833-5887,전북 익산시 동서로19길 88 (신동),IF 전북 원광대점 
063-584-2182,"전북 부안군 부안읍 석정로 233 104호 (봉덕리,천조빌딩)",IF 전북 부안점 
063-225-0991,전북 전주시 완산구 홍산남로 60 1동 1층 102호 (효자동2가),IF 전북 도청점 
063 635 7025,전북 남원시 광한북로 46-1 (하정동),IF 전북 남원점 
,전북 군산시 중앙로 159 (중앙로1가),IF 전북 군산점 (코드변경) 
063-467-0921,"전북 군산시 황룡로 10 (미룡동,(유)휴먼 1층 103호)",IF 전북 군산대점 
063-561-2982,전북 고창군 고창읍 중앙로 207-1 (읍내리),IF 전북 고창점 
062-515-3065,"광주광역시 북구 설죽로214번길 94, 1층 (용봉동)",IF 전대 상대점 
062-513-3064,"광주광역시 북구 용주로30번길 41, 1층(용봉동, 1층)",IF 전남대 예대점 
061-534-9087,전남 해남군 해남읍 중앙1로 140-1 (성내리),IF 전남 해남점 
061-392-2132,전남 장성군 장성읍 영천로 135-1 (영천리),IF 전남 장성점 
061-353-6852,전남 영광군 영광읍 중앙로 180 (도동리),IF 전남 영광읍점 
061-287-1871,"전남 무안군 삼향읍 남악3로82번길 7 101호 (남악리,제일파킹프라자)",IF 전남 남악점 
061-332-0988,전남 나주시 나주로 174 (중앙동),IF 전남 나주점 
061-763-0092,전남 광양시 광양읍 매천로 838 (읍내리),IF 전남 광양읍점 
031-642-3388,경기 이천시 장호원읍 장감로 60 (장호원리),IF 장호원점 
02-2212-1137,"서울특별시 동대문구 장안벚꽃로 107, 상가1동 1층 109호 (장안동,장안현대홈타운)",IF 장안점 (신) 
02-422-6666,"서울 송파구 송파대로 567 올림픽지하상가 A-8,9,10,11호 (잠실동)",IF 잠실지하점 
02-469-4114,서울 광진구 아차산로30길 31 (자양동),IF 자양점 
031-919-0424,"경기 고양시 일산서구 일산로 550 1층 일부 (일산동,눈높이일산센터)",IF 일산 후곡점 
031-905-1567,"경기도 고양시 일산동구 숲속마을로 38, 1층 103호 (풍동,아크리아)",IF 일산 풍동점 (신) 
031-911-8683,"경기 고양시 일산서구 호수로 817 1층 126호 (대화동,현대백화점킨텍스점)",IF 일산 킨텍스점 
031-903-1326,"경기도 고양시 일산동구 정발산로 47, 1층 111호 (장항동,웅신아트)",IF 일산 정발산역점 
031-931-5311,"경기도 고양시 일산동구 정발산로 24, 1층 B-138호 (장항동,웨스턴돔2)",IF 일산 웨스턴점 (신) 
031-964-0424,"경기도 고양시 일산동구 위시티로 67, 1층 111호,112호 (식사동,씨케이메디컬프라자)",IF 일산 식사점 
031-849-6607,"경기도 고양시 일산동구 강송로 33, 지하1층 (백석동,벨라씨타일산점)",IF 일산 벨라시타점 
031-901-7907,"경기 고양시 일산동구 일산로 239 1층 (마두동,삼성프라자)",IF 일산 마두점 
031-908-7666,"경기도 고양시 일산동구 중앙로1275번길 38-31, 120호 (장항동,라페스타A)",IF 일산 라페스타점 (신) 
032-874-2133,인천 남구 인하로77번길 6 (용현동),IF 인하대점 (신) 
032-743-7493,"인천 중구 공항로 272 3층 G열 (운서동,여객터미널 AK플라자)",IF 인천공항점 (AK) 
032-542-3054,"인천광역시 계양구 안남로 568, 105호 (효성동)",IF 인천 효성점 
032-565-4848,"인천광역시 서구 중봉대로586번길 22, 상가A동 127호 (연희동,청라풍림 엑슬루타워)",IF 인천 청라점 (신) 
032-277-1973,"인천광역시 계양구 계양대로 44, 1층 102호 (작전동,덕용프라자)",IF 인천 작전점 
032-752-3233,"인천광역시 중구 흰바위로 45, 117호 (운서동,가나베스트텔2)",IF 인천 운서점 
032-831-0049,"인천 연수구 독배로40번길 11 101호 (옥련동,효명프라자)",IF 인천 옥련점 (신) 
032-564-9344,"인천 서구 탁옥로 58 1층 103호 (심곡동,영일빌딩)",IF 인천 연희점 (신) 
,"인천 서구 탁옥로 58 103호 (심곡동,영일빌딩)",IF 인천 연희점 
032-584-7277,"인천 서구 가정로 370 (가정동,가정빌딩 1층 A,B호)",IF 인천 신현점 
032-456-4381,"인천 연수구 청능대로 210 3층 (동춘동,서부스퀘어)",IF 인천 스퀘어원점 
032-579-5777,"인천광역시 서구 가정로 204, 1층 1호-2 (석남동)",IF 인천 석남점 
032-527-8621,"인천광역시 부평구 길주남로 158, 102호 (부개동,부개프라자)",IF 인천 부개점 
032-577-5570,인천 남동구 장승남로 51 105호 (만수동),IF 인천 만수점 (신) 
032-563-2617,인천광역시 서구 마전동 검단2지구 25블럭 10롯트 두영빌딩 105호,IF 인천 마전역점 
032-432-3828,"인천 부평구 동암광장로 6 (십정동,제에이호)",IF 인천 동암점 
032-561-3076,"인천광역시 서구 청마로 163, 101, 102호 (당하동,외 1필지 당하메디칼센타)",IF 인천 당하점 
070-8826-7404,인천 남동구 논고개로136번길 6-14 1층 (논현동),IF 인천 논현점 
032-471-8245,"인천 남동구 구월로276번길 62 6호 (1,2층) (구월동)",IF 인천 구월점 
032-541-6791,"인천 계양구 경명대로 1085 외 2필지 103호 (계산동,조흥프라자텔)",IF 인천 계산점 
032-571-5777,"인천 서구 원적로 99 상가 104호 (가좌동,태화)",IF 인천 가좌점 
032-562-4470,"인천 서구 승학로 491 103호 (검암동,고산프라자)",IF 인천 검암점 
032-422-1201,"인천 남동구 백범로 312-56 (간석동,(41-57))",IF 인천 간석점 
02-737-7212,서울 종로구 인사동길 11 1층 (인사동),IF 인사동점 (신) 
031-422-3707,경기 안양시 동안구 흥안대로 525 1층 (관양동),IF 인덕원점 
02-313-0111,서울특별시 서대문구 신촌로 175 (대현동),IF 이대역1번출구점 (신) 
063-842-5887,전북 익산시 중앙로1길 17 (창인동1가),IF 익산 중앙점 
063 838 6774,전북 익산시 무왕로11길 6-31 (영등동),IF 익산 영등점 
02-797-9026,서울 용산구 이태원로 160-1 (이태원동),IF 이태원점 
02-534-9010,서울 동작구 동작대로 119-1 (사당동),IF 이수직영점 
02 365 9025,서울 서대문구 이화여대길 78 1층 (대현동),IF 이대점 (코드변경) 
02-313-8161,서울 서대문구 이화여대길 78 1층 (대현동),IF 이대점 (신) 
,서울 서대문구 신촌로 175 외 1필지  (40-42) (대현동),IF 이대역점 (코드변경) 
031 845 2808,경기 의정부시 태평로73번길 50 (의정부동),IF 의정부점 
031-852-2207,"경기 의정부시 청사로 37 105호 (금오동,신세계프라자)",IF 의정부 금오점 
02-305-0774,서울 은평구 응암로 190 (응암동),IF 응암점 
043-873-9309,"충청북도 음성군 음성읍 설성로 69, 1층 음성하나로마트 내",IF 음성 하나로마트점 (신) 
02-774-4732,서울 중구 명동3길 27 1층 (을지로2가),IF 을지로입구점 
02-358-8900,"서울특별시 은평구 은평로 98, 1층 105호 (응암동)",IF 은평점 
02-355-8953,서울 은평구 갈현로 14 1층 (신사동),IF 은평 신사점 
033-734-7849,강원 원주시 중앙로 132 (중앙동),IF 원주 중앙점 (신) 
033-762-2155,강원 원주시 서원대로 396 외1 스타월드 1층 106호 (단구동),IF 원주 단구점 
052-245-7777,울산 중구 젊음의거리 41 1층 (성남동),IF 울산성남점 
052-268-0478,"울산 남구 삼산중로74번길 15 1층 (삼산동,미소빌딩)",IF 울산삼산점 
052-223-0081,울산 남구 대학로 90 (무거동),IF 울산대점 (신) 
052-927-2323,울산광역시 동구 대학길 47 (화정동),IF 울산 화정점 
052-297-7067,울산 북구 호계로 300 (호계동),IF 울산 호계점 
052-246-1205,울산 울주군 범서읍 천상중앙길 98 (천상리),IF 울산 천상점 
052-244-0191,"울산 울주군 범서읍 구영로 86 205호 (구영리,GM프라자)",IF 울산 범서점 
052-233-2201,울산 동구 진성14길 96 (전하동),IF 울산 전하점 
052-211-7076,울산 중구 유곡로 16 103호 (우정동),IF 울산 우정점 
052-263-2266,울산 울주군 언양읍 헌양길 30 (남부리),IF 울산 언양점 (신) 
052-295-5009,"울산 북구 아진로 94 115호 (천곡동,아진복합상가)",IF 울산 상안점 
052-295-0477,"울산 중구 번영로 580 101호 (남외동,SkyM빌딩)",IF 울산 남외점 
052-235-5552,울산광역시 동구 동해안로 4 (서부동),IF 울산 남목점 
052-257-0478,울산 남구 삼산로 12 (신정동),IF 울산 공업탑점 
062-523-6774,광주 북구 북문대로 105 102호 (운암동),IF 운암점 
02-2690-3550,서울 강서구 강서로 247 (1006-2의 1층 1호) (화곡동),IF 우장산역점 
02-830-2604,서울특별시 금천구 가산디지털1로 168 우림라이온스빌딩 A동 130-1호,IF 우림라이온스밸리점 
031-336-0061,경기 용인시 처인구 금령로 95 (김량장동),IF 용인점 
031-287-3392,"경기도 용인시 기흥구 구성로 103, 109호 (언남동,멀티프라자)",IF 용인 언남점 (신) 
031-265-7448,"경기 용인시 수지구 신봉2로 5 상가동 105호 (신봉동,에덴파크2)",IF 용인 신봉점 
031-265-5545,"경기 용인시 수지구 만현로 106 102호 (상현동,외2필지 제1층)",IF 용인 상현점 
031-286-7972,"경기 용인시 기흥구 한보라1로 6 103호 (보라동,제일프라자)",IF 용인 보라점 
031-336-3022,"경기도 용인시 처인구 중부대로 1303, 1층 (역북동)",IF 용인 명지점 
070-4206-5151,경기 용인시 처인구 포곡읍 포곡로 103 (둔전리 393-11),IF 용인 둔전점 
070-4202-4753,"경기 용인시 기흥구 동백중앙로 283 (중동,골드프라자1층 제비109호)",IF 용인 동백점 
031-274-1191,"경기 용인시 기흥구 구갈로 74 104호 (구갈동,구갈스포츠센타)",IF 용인 구갈점 
02-2212-5140,서울 성동구 용답중앙15길 12 (용답동),IF 용답점 
02 964 4546,서울 동대문구 휘경로 13 (이문동),IF 외대점 
02-2294-1022,서울 성동구 왕십리로 321 (행당동),IF 왕십리직영점 
02-2200-1388,"서울특별시 성동구 고산자로 14길,왕십리민자역사 내 지하 2층 A-03호(행당동)",IF 왕십리역점 
031-377-2778,"경기 오산시 수청로 189 103호 (금암동,웅산아트프라자)",IF 오산 세교점 
02-2647-9041,"서울 양천구 목동동로12길 23 (목동,오목교역지하상가 B-1호)",IF 오목교역점 (신) 
031-716-1014,경기 성남시 분당구 성남대로 38 104 케이앤에프코퍼레이션제1층) (구미동),IF 오리역점 
02-2060-2231,서울 구로구 경인로20길 2 (오류동),IF 오류동역점 (코드변경) 
02-2060-2231,서울 구로구 경인로20길 2 (오류동),IF 오류동역점 (신) 
031-213-7448,"경기도 수원시 영통구 효원로 387, 109호 (매탄동,풍성프라자)",IF 영통구청점 
02-2678-4126,"서울 영등포구 경인로 846 역전지하 67,68호 (영등포동)",IF 영등포점 
02-3661-2991,서울 강서구 공항대로 635 (염창동),IF 염창점 
02-338-3805,"서울 서대문구 연희맛로 28 1층 (연희동,연희프라자)",IF 연희점 
031-832-2323,경기 연천군 전곡읍 전곡로 158 1층 (전곡리),IF 연천 전곡점 
02-356-8310,서울 은평구 연서로 223 1층 (갈현동),IF 연신내점 (신) 
031-858-8778,"경기 양주시 회정로 134 106호 (덕정동,두리테크덕정타운)",IF 양주 덕정점 
02-3144-2346,"서울특별시 마포구 양화로21길 31, 1층 (동교동)",IF 연남점 
02-761-0773,서울 영등포구 여의나루로 27 9호선 여의도역내 (여의도동),IF 여의도역점 
061-663-1277,전남 여수시 진남상가길 39-6 1층 (교동),IF 여수 중앙점 
061-682-3844,"전라남도 여수시 흥국상가길 15-1, 1층  (신기동)",IF 여수 신기점 (신) 
02-777-7900,서울 중구 명동8가길 38 (충무로2가),IF 엘케이관광주식회사 
02-6285-0585,서울특별시 중랑구 상봉동 73-10 엔터식스,IF 엔터식스 상봉점 (신) 
,"서울 중랑구 망우로 353 AB동 1층 (상봉동,이노시티)",IF 엔터식스 상봉점 
031-773-3345,경기 양평군 양평읍 양평시장1길 14 (양근리),IF 양평점 
02-2690-0628,"서울 양천구 지양로 72 1층 2호 (신월동,명신)",IF 양천 신월점 
031-387-5678,"경기 안양시 동안구 관평로 328 상가 107호 (관양동,세광)",IF 안양 관양점 (신) 
031-872-1221,"경기 양주시 고읍남로 6 106호 (광사동,세원메디컬프라자)",IF 양주 고읍점 
02-529-3447,"서울특별시 서초구 남부순환로 지하2585 (서초동 신분당선양재역 지하상가1층 23,24호) (서초동)",IF 양재역사점 
02-2235-0585,서울 중구 다산로 124 1층 (신당동),IF 약수점 
031-781-8056,"경기도 성남시 분당구 야탑로81번길 11 1층 (야탑동,킴스클럽)",IF 야탑점 
02-517-0585,서울 강남구 압구정로 158 1층 신사동 (신사동),IF 압구정현대 직영점 
02-516-8050,"서울 강남구 압구정로 336 1층 4호 (신사동,성창상가)",IF 압구정점 
031-414-3348,"경기 안산시 단원구 고잔2길 41 1층 110호 (고잔동,신양복합빌딩)",IF 안산중앙2호점 
031-508-2822,"경기도 안산시 단원구 다문화2길 51, 1층 (원곡동)",IF 안산역점 
031-410-0558,"경기도 안산시 단원구 광덕1로 63, 1동 1층 105호 (초지동,메디프라자)",IF 안산 초지점 
031-487-3348,"경기 안산시 단원구 고잔1길 33 1층 (고잔동,봉산빌딩)",IF 안산 중앙점 
031-414-2785,경기 안산시 단원구 라성로 48 (원곡동),IF 안산 원곡점 
031-487-5796,"경기 안산시 단원구 선부광장1로 69 상가 130호 (선부동,산호한양아파트)",IF 안산 선부점 (신) 
031-407-9111,"경기도 안산시 상록구 생골로 144, 107호 (본오동,유경빌딩)",IF 안산 본오점 
054-858-6224,경북 안동시 남문로 22-15 (삼산동),IF 안동 중앙점 
02-478-7679,서울 강동구 올림픽로 770 102호 (천호동),IF 암사점 
031-447-2368,경기 안양시 만안구 안양로292번길 23 1층 (안양동),IF 안양점 
031-449-1130,"경기 안양시 만안구 안양로 지하 301 (83,84,142-143호 ,안양동) (안양동)",IF 안양 해피라운지점 
054-841-9888,경북 안동시 경북대로 426 (옥동),IF 안동 옥동점 
02-747-7212,"서울특별시 종로구 북촌로 2, 1층 (재동)",IF 안국역점 
031-211-6477,경기 수원시 영통구 아주로 22 (원천동 25-12),IF 아주대점 
041-534-6670,충남 아산시 번영로 224 (모종동),IF 아산 터미널점 
041-534-6612,충남 아산시 탕정면 탕정면로 12 (명암리),IF 아산 탕정점 
041-541-6612,"충청남도 아산시 배방읍 모산로 112, A동 11,12호",IF 아산 배방역점 
02-902-7971,서울 도봉구 도봉로 479 1층 (쌍문동),IF 쌍문점 
02-848-8988,"서울 영등포구 신풍로 지하 27 (신길동,신풍역 지하1층 743-1711매장)",IF 신풍역점 
,서울 서대문구 연세로 6-1 (창천동),IF 신촌점 (코드변경) 
02-312-2263,서울 서대문구 연세로 6-1 1층 (창천동),IF 신촌점 (신) 
02-338-8821,서울 마포구 신촌로 82 1층 (노고산동),IF 신촌대로점 
041-640-5168,충남 천안시 동남구 만남로 43 (신부동),IF 신세계 충청점 (신) 
,인천 중구 공항로 272 (운서동),IF 신세계 인천공항점 (코드변경) 
051-745-1495,부산 해운대구 센텀남대로 35 (우동),IF 신세계 센텀시티점 
02-3479-1898,서울 서초구 신반포로 176 신세계 강남점 지하1층 이니스프리 (반포동),IF 신세계 강남점 
02-545-0585,"서울 강남구 도산대로 116 1층 (논현동,논현빌딩)",IF 신사직영점 
02-566-0585,서울 강남구 강남대로 390 신분당선 강남역 지하1층 2호 (역삼동),IF 신분당선 강남역점 
032-511-7455,"인천 부평구 광장로 지하 16 (부평역지하도상가 C동 32호, 33)",IF 신부평2호점 
02-874-0875,서울 관악구 남부순환로 1605 (신림동),IF 신림점 
02-2062-2991,서울 양천구 목동중앙북로 16 1층 (목동),IF 신등촌점 
02-363-2263,서울 서대문구 명물길 16 1층 (창천동),IF 신촌 2호점 (신) 
,서울 관악구 신림로 330 외4필지 포도몰 지하1층 107호 (신림동),IF 신림 포도몰점 (코드변경) 
02-881-8057,"서울 관악구 신림로 330 102호 (신림동,PODOMall지하1층)",IF 신림 포도몰점 (신) 
02-2111-1089,"서울 구로구 새말로 97 (구로5동,신도림테크노마트지하1층139호,14) (구로동)",IF 신도림 테크노마트점 
02-867-2263,"서울 관악구 난곡로 367 상가 103호 (신림동,경신)",IF 신대방역점 
02-816-1003,서울 동작구 상도로 103 (상도동),IF 신대방삼거리점 (신) 
02-2232-9145,"서울 중구 다산로 223 1층 103호 (신당동,신당빌딩)",IF 신당동점 
02-831-3230,"서울특별시 영등포구 신길로 163, 1층 (신길동)",IF 신길점 
02-809-8221,서울 금천구 시흥대로 232 1층 (시흥동),IF 시흥사거리점 
031-319-1208,"경기 시흥시 정왕시장길 52 107호 (정왕동,중앙시장 제1층)",IF 시흥 정왕점 (신) 
031-8044-7754,"경기 시흥시 진말로9번길 15 104호 (장곡동,센타빌딩)",IF 시흥 장곡점 
02-749-5679,"서울 송파구 올림픽로 124 1층 5호 (잠실동,환산빌딩)",IF 신천점 (신) 
032-322-6444,"경기 부천시 원미구 신흥로 201 104호 (중동,트리플타워B)",IF 신중동역점 
064-712-4371,제주특별자치도 제주시 신광로 41 (연동),IF 신제주점 (신) 
064-743-6113,"제주 제주시 삼무로 42 1층 3호 (연동,선일빌딩)",IF 신제주2호점 
064-712-7885,제주 제주시 신대로14길 52 (연동),IF 신제주 연동점 
064-712-4372,제주 제주시 노연로 94 1층 1호 (연동),IF 신제주 그랜드점 
02-2699-2383,서울 양천구 중앙로 255 1층 전면좌측 (신정동),IF 신정네거리점 
055-747-7676,경남 진주시 진양호로 325 (신안동),IF 신안 평거점 
031-8082-0116,경기 의정부시 평화로 525 (의정부동),IF 신세계백화점 의정부점 (코드변경) 
031-271-5678,"경기 수원시 장안구 대평로 80 102호 (정자동,정연메이져)",IF 수원 정자점 
031-311-0132,"경기 시흥시 삼미시장4길 12 1층 (신천동,태경빌딩)",IF 시흥 신천점 (신) 
02-715-7072,"서울 용산구 청파로47길 52 101호 (청파동2가,명신프라자)",IF 숙대정문점 
031-432-0987,"경기도 시흥시 정왕대로 56, 101호 (정왕동,세종월드프라자)",IF 시흥 옥구점 
031-255-7002,경기 수원시 팔달구 정조로 766 1층 (팔달로3가),IF 수원 남문점 
,"경기 수원시 팔달구 권광로 178 102호 (인계동,센타빌딩)",IF 수원 인계점 (코드변경) 
031-232-3037,"경기 수원시 팔달구 권광로 178 102호 (인계동,센타빌딩)",IF 수원 인계점 (신) 
031-203-4680,"경기 수원시 영통구 반달로7번길 6 106-1호 (영통동,센타프라자)",IF 수원 영통점 
031-893-8244,경기 수원시 장안구 서부로 2129-1 (율전동),IF 수원 성대점 
031-215-0212,"경기 수원시 영통구 삼성로 129 3층 (매탄동,한가족프라자)",IF 수원 삼성점 (코드변경) 
031-213-7504,경기 수원시 영통구 중부대로246번길 43 1층 (매탄동),IF 수원 매탄점 
031-312-0132,"경기도 시흥시 대은로 83, 104호 (대야동,루비프라자)",IF 시흥 대야점 
031-318-9915,"경기 시흥시 능곡로 188 101호 (능곡동,효창프라자)",IF 시흥 능곡점 (신) 
031-504-0017,"경기 시흥시 도일로112번길 5-5 103호 (거모동,(도일시장1길10) 동하)",IF 시흥 거모점 
031-497-0069,경기 시흥시 중심상가3길 9 (정왕동),IF 시화점 
02-752-0585,"서울 중구 세종대로 84 (1층,태평로2가) (태평로2가)",IF 시청역 직영점 
02-6053-1871,"서울특별시 동작구 상도로 357 (상도동,1층 제카호,강남시장1층3호)",IF 숭실대점 (신) 
061-751-1012,전라남도 순천시 황금1길 11 (남내동),IF 순천 중앙점 
061-724-8949,전남 순천시 연향상가1길 10 (연향동),IF 순천 연향점 
061-726-1015,전남 순천시 해룡면 신대로 118 (신대리),IF 순천 신대점 
02-702-2231,서울 용산구 한강대로 287 (갈월동),IF 숙대점 (코드변경) 
02-702-2231,서울 용산구 한강대로 287 1층 (갈월동),IF 숙대점 (신) 
031-262-1358,"경기도 용인시 수지구 풍덕천로 119, 1층 108호 (풍덕천동,수지로얄스포츠센터)",IF 수지구청역점 
,서울 강북구 도봉로 339 1층 (수유동),IF 수유역점 (코드변경) 
02-905-2262,서울 강북구 도봉로 339 (수유동),IF 수유역점 (신) 
031-241-4270,경기 수원시 팔달구 매산로 4-1 (매산로1가),IF 수원역점 (신) 
031-267-2272,경기 화성시 봉담읍 와우안길 18 1층 (와우리),IF 수원대점 
031-241-9131,"경기도 수원시 팔달구 동말로 73, 1층 (화서동)",IF 수원 화서점 (신) 
031-293-3974,"경기 수원시 권선구 금곡로102번길 15 104호 (금곡동,문영비지웍스)",IF 수원 호매실점 
031-269-6713,경기 수원시 장안구 장안로 270-12 1 (정자동),IF 수원 그린점 
031-205-6471,"경기 수원시 영통구 영통로 118 1 (망포동,델타빌딩)",IF 수원 망포점 
031-207-2706,"경기도 수원시 팔달구 향교로 8-1, 1층 (매산로1가)",IF 수원 로데오점 
031-258-6873,경기 수원시 팔달구 정조로 766 1층 103호 (팔달로3가),IF 수원 남문점 (신) 
031-273-4680,경기 수원시 영통구 덕영대로 1693 202호 (영통동),IF 수원 경희대점 
031-240-1670,"경기 수원시 팔달구 덕영대로 924 3층 22호 (매산로1가,수원관광안내소)",IF 수원 AK점 
02-459-2700,"서울특별시 강남구 밤고개로1길 10, 비241호,비242호 (수서동,수서현대벤쳐빌)",IF 수서역점 
02-939-2599,"서울 노원구 동일로 1668 104호 (상계동,롯데리아)",IF 수락산역점 
070-4157-5151,"서울특별시 송파구 가락로 168 1층 103, 104호 (송파동)",IF 송파점 (신) 
031-668-5450,경기 평택시 특구로 25 (서정동),IF 송탄점 
031-667-5450,"경기도 평택시 중앙시장로19번길 15, 1층 (신장동)",IF 송탄 로데오점 (신) 
02-2665-8748,서울 강서구 공항대로 28 1층 (공항동),IF 송정역점 
032-817-7171,"인천광역시 연수구 송도과학로27번길 55, 301동 에이-111호 (송도동)",IF 송도캠퍼스타운점 
032-833-8726,"인천 연수구 신송로 121 112호 (송도동,센타프라자)",IF 송도신도시점 (신) 
032-832-8727,"인천 연수구 아트센터대로 131 (송도동,커낼워크 D2 제1층 202-16)",IF 송도 커낼워크점 
070-7539-5101,경기 부천시 소사구 송내대로 36 1층 1호 (송내동),IF 송내 남부역점 
,"서울 서초구 신반포로 176 B동 44호 (반포동,센트럴시티지하1층 반디앤루)",IF 센트럴직영점 
044-862-9606,"세종특별자치시 종촌동 C1-1 몰리브상가 1층 129-1, 129-2호",IF 세종몰리브점 
02-467-1137,서울 광진구 광나루로 384 (화양동),IF 세종대점 
044-866-2880,세종 조치원읍 조치원로 6-1 (원리),IF 세종 조치원점 
063-285-7773,전북 전주시 완산구 팔달로 262-6 (서노송동),IF 세이브존 전주점 
042-471-3519,"대전 서구 둔산로 201 1층 (둔산동,세이브존)",IF 세이브존 대전점 (신) 
02-948-5772,"서울 노원구 한글비석로 57 1층 (하계동,노원세이브존)",IF 세이브존 노원점 
02-546-8085,서울특별시 강남구 도산대로11길 25 (신사동),IF 세로수길점 
043-221-4403,충북 청주시 상당구 성안로 40-2 (남문로2가),IF 성안길직영점 
02 927 8756,서울 성북구 동소문로22길 4 1층 (동선동1가),IF 성신여대점 
02-921-8899,서울 성북구 동소문로22길 45 1층 (동선동1가),IF 성신여대 로데오점 
02-465-4441,서울특별시 성동구 아차산로7길 7 (성수동2가),IF 성수역점 
031-717-1734,"경기 성남시 분당구 돌마로 67 (금산잼월드 제1층 106,금곡동) (금곡동)",IF 분당 미금점 
053-581-0794,대구 달서구 계대동문로 21-1 (신당동),IF 성서 계명대점 (신) 
070-8236-7974,서울 성북구 보국문로 44 1층 (정릉동),IF 성북 정릉점 
031-786-2634,"경기도 성남시 분당구 미금일로154번길 20, 1층 (구미동,2001분당아울렛)",IF 분당 2001아울렛점 (신) 
031-257-9112,"경기 수원시 장안구 경수대로 920 1층 (조원동,1)",IF 북수원점 
054-975-5586,경북 칠곡군 북삼읍 금오대로 280 (인평리),IF 북삼 오태점 
032-276-7455,"인천 부평구 광장로 지하 30 41,42,43,특10호 (부평동)",IF 부평점 (신) 
032-503-7068,인천 부평구 마장로 385 101호 (산곡동),IF 부평 청천점 
032-512-7455,"인천광역시 부평구 시장로 19, 103호 (부평동,로터스프라자)",IF 부평 로데오점 
031-751-6633,경기 성남시 수정구 수정로 186 1층 (신흥동),IF 성남시청점 
031-751-1124,"경기 성남시 수정구 수정로 115-1 1층 (태평동,주민신협행복빌딩)",IF 성남 중앙점 
032-666-6623,경기 부천시 원미구 부천로 8 1층 (심곡동),IF 부천역점 (신) 
032-324-7093,"경기도 부천시 원미구 석천로177번길 29, 1층 102호 (중동,뉴월드프라자)",IF 부천 중동점 
032-679-3025,경기 부천시 오정구 원종로 37 (원종동),IF 부천 원종점 
031-748-4980,경기 성남시 수정구 산성대로 259-1 1층 (신흥동),IF 성남 신흥점 (신) 
031-747-7130,경기 성남시 중원구 희망로 344 (상대원동),IF 성남 상대원점 
031-752-7449,"경기 성남시 중원구 성남대로1148번길 2 1층 (성남동,소평빌딩)",IF 성남 모란점 
02-558-0585,서울 강남구 선릉로 507 (역삼동),IF 선릉직영점 
02-914-2262,서울 노원구 화랑로 337 (월계동),IF 석계점 
,"경기 성남시 분당구 분당로53번길 15 1층 104호 (서현동,산호트윈스)",IF 서현 로데오점 
031-781-4184,경기도 성남시 분당구 운중로 132 큐브타워 104호,IF 서판교점 
051-807-4949,부산 부산진구 중앙대로 730 (2호선 서면역내 상가) 2-N08호,IF 서면중앙점 
032-346-3777,경기 부천시 소사구 경인로 507 102호 (괴안동),IF 부천 역곡점 
02-883-7298,"서울특별시 관악구 관악로 164, 114호 (봉천동,디오슈페리움1단지)",IF 서울대입구2호점 
064-733-5300,제주 서귀포시 중정로 73 (서귀동),IF 서귀포점 (신) 
064-733-5309,제주 서귀포시 중앙로 94 (서귀동),IF 서귀포 1호광장점 
054-536-3265,경북 상주시 상산로 274-1 1층 (남성동),IF 상주점 
,경북 상주시 상산로 274-1 1층 (남성동),IF 상주 중앙점 (코드변경) 
02-6393-5324,"서울 마포구 월드컵북로 402 1층 122호 (상암동,케이지아이티센터)",IF 상암 DMC점 
02-325-3334,"서울특별시 마포구 와우산로 57, 1층 좌측 (상수동)",IF 상수역점 
031-407-9112,"경기 안산시 상록구 용신로 393 108호 (본오동,청암빌딩)",IF 상록수 그린점 
032-321-7872,경기 부천시 원미구 상일로94번길 21 102호 (상동),IF 부천 송내점 
032-752-8888,"경기 부천시 원미구 상동로 90 124호 (상동,메가플러스)",IF 부천 상동역점 
032-662-7203,"경기 부천시 원미구 부일로460번길 5 1층 (심곡동,원천빌딩)",IF 부천 로데오점 
032-261-9030,경기 부천시 오정구 역곡로481번길 9 1층 (고강동),IF 부천 고강점 (신) 
051-465-9450,"부산 동구 중앙대로371번길 12 1층 (수정동,조광빌딩)",IF 부산진역점 
051-582-7273,부산 금정구 금정로68번길 28 (장전동),IF 부산대점 
051-513-7273,부산 금정구 부산대학로 49 (장전동),IF 부산대2호점 
041-663-8282,"충청남도 서산시 호수공원5로 40, 1층 3호 (예천동,포란빌딩)",IF 서산 호수공원점 
051-806-1812,부산 부산진구 중앙대로692번길 6 (부전동),IF 서면직영점 
051-293-3636,부산 사하구 낙동대로 464 (당리동),IF 부산 하단점 
031-399-7896,"경기 군포시 산본로323번길 16-12 1층 105호 (산본동,센타빌딩)",IF 산본점 (신) 
02-2091-0231,"서울 노원구 상계로 182 (상계동,상계역1층)",IF 상계역점 
02-422-3306,서울 송파구 백제고분로 200 (삼전동),IF 삼전사거리점 
051-702-8863,"부산 해운대구 해운대로 814 122호 (좌동,세종월드프라자)",IF 부산 해운대점 
051-315-8151,부산 사상구 대동로 95 (학장동),IF 부산 학장점 
051-727-8626,"부산 기장군 정관면 정관로 560 108호 (매학리,마치빌딩)",IF 부산 정관점 
051-782-6188,"부산광역시 해운대구 재반로 207, 1층 (반여동)",IF 부산 재반점 (코드변경) 
051-782-6188,부산광역시 해운대구 재반로 207 (반여동),IF 부산 재반점 (신) 
051-626-5506,"부산 남구 용호로 144 1층 (용호동,정효경치과)",IF 부산 용호점 
051-863-3826,부산 연제구 반송로 17 1층 전체 (연산동),IF 부산 연산점 
051-851-8065,부산 부산진구 중앙대로 900 (양정동),IF 부산 양정점 
02-523-0585,"서울 관악구 과천대로 943 1층 (남현동,금강빌딩)",IF 사당직영점 
02-434-3474,서울 중랑구 사가정로 386 1층 (면목동),IF 사가정역점 
02-2200-1377,"서울 성동구 왕십리광장로 17 3층 B-38,39,40호 (행당동)",IF 비트플렉스점 
02-350-7812,서울특별시 은평구 불광로 20 NC백화점 B1층 (대조동),IF 불광킴스클럽 
02-382-8945,서울 은평구 통일로 745-1 1층 (대조동),IF 불광역점 
031-717-6579,"경기 성남시 분당구 성남대로331번길 3-3 113호 (정자동,젤존타워)",IF 분당 정자점 (신) 
031-702-2122,"경기도 성남시 분당구 판교로 442, 1층 103호 (이매동,우일프라자)",IF 분당 이매점 
031-712-2277,"경기 성남시 분당구 백현로101번길 13 105호 (수내동,월드프라자)",IF 분당 수내점 
,"경기 성남시 분당구 서현로210번길 14 101호 (서현동,유성트윈프라자2차)",IF 분당 서현점 
051-342-7273,부산 북구 덕천로 239 (만덕동),IF 부산 신만덕점 
051-759-9910,부산 수영구 수영로705번길 5 (수영동),IF 부산 수영점 
051-804-1220,부산 부산진구 중앙대로692번길 15 (부전동),IF 부산 서면점 
051-203-2014,"부산 강서구 명지오션시티4로 60 101호 (명지동,골든프라자)",IF 부산 명지오션시티점 
051-271-5567,"부산광역시 사하구 낙동대로550번길 13, 1층 (하단동)",IF 부산 동아대점 
051-554-0089,"부산광역시 동래구 명륜로129번길 49, 1층 (명륜동)",IF 부산 동래역점 
051-816-8780,부산 서구 구덕로 321 (서대신동3가),IF 부산 동대신점 
051-334-2767,부산 북구 만덕대로16번길 20 (덕천동),IF 부산 덕천점 
051-622-3133,"부산광역시 남구 수영로 201, 1동 (대연동,올리비아로렌)",IF 부산 대연점 
051-891-9966,부산광역시 부산진구 당감로 27-1 (당감동),IF 부산 당감점 (신) 
051-209-5436,"부산 사하구 사하로 190 (괴정동,뉴코아아울렛)",IF 부산 뉴코아괴정점 
051-315-2989,부산 사상구 가야대로366번길 21 (주례동),IF 부산 냉정점 
051-257-9545,부산 중구 광복로 42 (창선동1가),IF 부산 남포점 
051-802-3999,"부산 부산진구 중앙대로 786 10(대현지하상가 L-23,부전동) (전포동)",IF 부산 서면역점 (신) 
,"부산 부산진구 가야대로 772 나동 2호 (부전동,롯데지하쇼핑몰)",IF 부산 서면롯데점 (임시) 
051-804-6566,"부산 부산진구 가야대로 772 나동 2호 (부전동,롯데지하쇼핑몰)",IF 부산 서면롯데점 
051-525-0653,부산 금정구 서동로 153 1층 (서동),IF 부산 서동점 
051-505-1007,부산 동래구 사직북로 34 (사직동),IF 부산 사직점 
051-315-1255,부산 사상구 사상로 214 (괘법동),IF 부산 사상점 (신) 
,"부산광역시 사상구 사상로 201, 1층 이니스프리 (괘법동,애플아울렛)",IF 부산 사상 애플아울렛점 
051-524-7889,부산 해운대구 선수촌로 97 (반여동),IF 부산 반여점 
051-543-7774,부산 해운대구 아랫반송로 15-1 (반송동),IF 부산 반송점 
051-631-1250,부산광역시 남구 수영로 42 (문현동),IF 부산 문현점 
051-622-7119,부산 수영구 수영로 387 (남천동),IF 부산 남천점 
051-722-9123,부산 기장군 기장읍 읍내로 107 (동부리),IF 부산 기장점 (신) 
051-207-7267,"부산광역시 강서구 명지국제8로 254, 101호 (명지동,시온프라자)",IF 부산 국제신도시점 
051-583-9910,부산 금정구 금정로233번길 41 모아멘트 (구서동),IF 부산 구서점 
051-292-2767,부산 사하구 낙동대로 195 (괴정동),IF 부산 괴정점 
051-244-9545,"부산광역시 중구 광복로 72-2, 지하1.1.2층 (광복동2가)",IF 부산 광복로점 
051-626-7267,부산 남구 수영로 311 (대연동),IF 부산 경성대점 (신) 
051-891-3055,"부산 부산진구 가야대로 597 상가동 1층 111호 (가야동,한신센타뷰)",IF 부산 가야점 
051-532-7273,부산 동래구 반송로 291 (명장동),IF 부산 GS명장점 
051-612-7267,부산 남구 용소로 13-1 (대연동),IF 부경대경성대점 
,서울 관악구 봉천로 216 (신림동),IF 보라매점 (코드변경) 
02-877-7015,서울 관악구 봉천로 216 (신림동),IF 보라매점 (신) 
031 385 3239,"경기 안양시 동안구 동안로 120 106호 (호계동,올림픽스포츠센터)",IF 범계점 
02-955-9954,서울 도봉구 도봉로 689 (방학동),IF 방학점 
02-425-1104,"서울특별시 송파구 백제고분로48길 4, 1층 이니스프리 방이점 (방이동)",IF 방이점 (신) 
02-587-0585,서울 서초구 방배로 91 (방배동),IF 방배직영점 
02-3477-8061,서울특별시 서초구 잠원로 51 킴스클럽 강남점 지하1층 (잠원동),IF 반포킴스클럽점 
02-537-0774,"서울 서초구 신반포로 지하 200 (반포동,강남터미널 지하쇼핑몰 C-45호)",IF 반포지하점 
031-851-9220,"경기도 의정부시 오목로225번길 157, 105호 (민락동,폴리프라자 3차)",IF 민락2지구점 
02-981-2231,서울특별시 강북구 도봉로 183 (미아동),IF 미아역점 
02-442-9155,서울 강동구 양재대로 1626 1층 107호 (명일동),IF 명일역점 
02-774-0954,서울 중구 명동8길 19 (명동2가),IF 명동중앙점 (신) 
02-776-0117,서울 중구 명동길 13 (명동1가),IF 명동점 
02-774-0708,서울 중구 명동8길 43 1층~2층 (충무로2가),IF 명동역점 
02-3789-7585,서울 중구 명동8나길 12 (충무로1가),IF 명동3호점 
02 318 0754,서울 중구 명동4길 42 1층 (충무로1가),IF 명동2호점 
02-3789-8008,"서울특별시 중구 명동10길 27, 1,2층 (명동2가)",IF 명동2가점 (신) 
02-714-3304,서울 마포구 도화길 20-1 1층 (도화동),IF 마포점 (신) 
02-980-0728,서울 강북구 솔샘로 213-2 1층 (미아동),IF 미아솔샘점 
02-310-9585,"서울특별시 중구 명동길 26 (명동2가, 유네스코 회관) 이니스프리 명동 유네스코",IF 명동 유네스코점 
02-3789-8008,서울 중구 명동10길 27 (명동2가),IF 명동2가점 
02-754-3445,서울 중구 명동8나길 28-1 1층 (충무로1가),IF 명동 충무점 
02-3789-9573,"서울특별시 중구 명동8가길 9, 지하1층,2층 (충무로2가)",IF 명동 충무2호점 
02-431-5300,서울 송파구 마천로41길 9 (마천동),IF 마천점 
031-595-0056,"경기도 남양주시 화도읍 비룡로 58, 1층 103호",IF 마석 중흥점 
055-298-7101,경남 창원시 마산회원구 합성남로 6 (합성동),IF 마산 합성지상점 
055-293-9858,경남 창원시 마산회원구 3.15대로 지하 758 대현프리몰 L-1 (합성동),IF 마산 합성점 
055-248-8525,경상남도 창원시 마산함포구 동서북10길 67 (창동),IF 마산 창동점 (신) 
055-231-4020,"경남 창원시 마산회원구 내서읍 삼계로 2 108호 (삼계리,삼계웰빙프라자)",IF 마산 내서점 (신) 
02-930-9166,"서울 노원구 동일로 1538 (상계동,상계주공아파트12단지 종합상가101호)",IF 마들역점 
02-3213-4503,"서울 송파구 올림픽로 300 5층 (신천동,롯데월드몰)",IF 롯데월드타워직영점 
02-2143-1247,"서울 송파구 올림픽로 240 1층 (잠실동,송파우체국사서함66 롯데월드어드벤처)",IF 롯데월드 어드벤처점 
02-980-2766,서울 성북구 도봉로 31 1층 2호 (길음동),IF 미아삼거리점 (신) 
061-243-7784,전남 목포시 영산로75번길 20-2 (대안동),IF 목포점 (신) 
061-281-0391,전남 목포시 비파로51번길 19 (상동),IF 목포 하당점 
02-6678-3106,"서울 양천구 목동동로 309 1층 (목동,행복한세상)",IF 목동점 (코드변경) 
02-318-0402,서울 중구 명동9길 17 1층 (명동1가),IF 명동 센트럴점 
02-433-9965,서울 중랑구 겸재로 181 1층 (면목동),IF 면목점 
070-4412-2100,"서울 중랑구 공릉로 12 (묵동,삼양빌딩)",IF 먹골역점 
031-203-6471,"경기 수원시 영통구 영통로 195 102호 (망포동,골든스퀘어)",IF 망포역점 
070-8829-5006,경기 의정부시 평화로 191-1 (호원동),IF 망월사역점 (신) 
,경기 의정부시 평화로 191-1 (호원동),IF 망월사역점 
02-323-8998,"서울특별시 마포구 월드컵로 83, 1층 (망원동)",IF 망원역점 
02-435-9294,서울 중랑구 용마산로 498 (망우동),IF 망우점 
032-465-1090,"인천 남동구 만수로 53 (만수동,제1호,1층)",IF 만수시장점 
031-377-3722,"경기도 화성시 동탄순환대로 689, 102호 (영천동,삼성프라자)",IF 동탄2신도시점 
,"서울 양천구 목동동로 309 1층 (목동,행복한세상)",IF 목동점 (신) (코드변경) 
02-6678-3106,"서울 양천구 목동동로 309 1층 (목동,행복한백화점)",IF 목동 행복한세상점 
02-6094-0623,"서울 양천구 목동서로 65 105,106,107호 (목동,목동가든스위트)",IF 목동 파리공원점 
02-2606-3539,서울 양천구 오목로 231 (신정동),IF 목동 로데오점 
02-375-9929,서울 서대문구 거북골로 29 1층 점포 (남가좌동),IF 명지대점 
031-8003-8221,"경기도 화성시 동탄솔빛로 62, 101호 (반송동,리첸프라자)",IF 동탄 솔빛점 (신) 
031-8003-3832,"경기도 화성시 동탄중앙로 220, 상가동 B201-1호 (반송동,메타폴리스)",IF 동탄 센터포인트점 
031-613-9980,"경기 화성시 동탄지성로 139 1층 104호 (능동,양진빌딩)",IF 동탄 능동점 (신) 
032-773-6928,"인천 중구 우현로 지하 69 135, 137호 (인현동,중앙로지하상가)",IF 동인천 인현점 (신) 
053-745-9747,"대구 수성구 수성로 393 (수성동4가,수성하이츠)",IF 동아마트 수성점 
02-455-7715,"서울 광진구 강변역로 50-1 (,동서울터미널)",IF 동서울터미널점 
02-2232-1807,"서울특별시 종로구 종로 344, 101호 (숭인동,종로대우디오빌)",IF 동묘역점 
02-942-0036,서울 성북구 화랑로11길 37 (하월곡동),IF 동덕여대점 
02-2268-5015,"서울 중구 을지로41길 10 473-A (을지로6가,지하상가)",IF 동대문점 
053-765-0996,대구 수성구 수성로 227 (중동),IF 롯데슈퍼수성점 (신) 
,대구 수성구 수성로 227 롯데슈퍼 (중동),IF 롯데슈퍼 수성점 (코드변경) 
051-730-3822,부산 해운대구 센텀남대로 59 (우동),IF 롯데백화점 센텀시티점 
051-678-4079,부산 중구 중앙대로 2 (중앙동7가),IF 롯데백화점 광복점 
02-6975-5044,서울특별시 은평구 진관동 79-15,IF 롯데몰 은평직영점 
031-8066-1630,경기 수원시 권선구 세화로 124 롯데몰 수원점 1층 (서둔동),IF 롯데몰 수원직영점 
02-965-1700,서울 동대문구 왕산로 205 (청량리동),IF 롯데 청량리점 
,"서울 구로구 경인로 662 B2호 층 (신도림동,디큐브시티)",IF 디큐브시티점 (신) (코드변경) 
02-485-2796,서울 강동구 양재대로 1371 1층 7호 (성내동),IF 둔촌점 
02-3398-4034,서울특별시 중구 장충단로 275 두산타워 4층 이니스프리,IF 두산타워직영점 
,서울 중구 장충단로13길 11 (을지로6가),IF 동대문역점 (코드변경) 
02-2267-5537,서울 중구 장충단로13길 11 1층 (을지로6가),IF 동대문역점 (신) 
02-3398-5977,"서울 중구 장충단로 275 6층 (을지로6가,두산타워)",IF 동대문 두산타워점 (폐쇄점) 
02-2153-0778,"서울 중구 을지로 281 (을지로7가,동대문디자인플라자광장편의시설지하2층)",IF 동대문 DDP점 
053-751-1774,"대구광역시 동구 동부로 156, 1층 (신천동,서린빌딩)",IF 동대구역점 
02-966-0585,서울 성북구 화랑로 지하 243 (석관동),IF 돌곶이역점 (폐쇄점) 
02-553-0585,서울 강남구 테헤란로87길 22 도심공항터미널 지하1층 Q112호 (삼성동),IF 도심공항직영점 
051-337-3888,"부산 북구 금곡대로 14 (덕천지하상가,B-26호)",IF 덕천 지하점 
031-922-0848,"경기 고양시 일산서구 중앙로 1564 108호 (대화동,그린월드프라자)",IF 대화역점 
02-766-0585,"서울 종로구 대학로 129 1,2층 (명륜4가)",IF 대학로직영점 
02 766 7729,서울 종로구 대학로11길 51 (명륜4가),IF 대학로점 
042-637-6055,"대전광역시 동구 한남로 15, 1층 103호 (홍도동)",IF 대전 한남대점 
042-226-4168,"대전광역시 중구 중앙로 지하 145 (은행동,지하상가 B나02호)",IF 대전 중앙로점 (신) 
042-583-9200,대전 서구 정림로 64 1층 (정림동),IF 대전 정림점 
042-257-4590,대전 중구 중앙로164번길 18 (은행동),IF 대전 은행점 
042-285-5680,"대전 동구 은어송로 63 103호 (가오동,글로리타워2)",IF 대전 은어송점 
042-823-4450,"대전광역시 유성구 계롱로 41번 (봉명동, 1층)",IF 대전 유성점 (신) 
042-485-3833,대전 서구 청사서로 44 1층 (월평동),IF 대전 월평점 
042-635-5945,대전 동구 동대전로 174 1층 (자양동),IF 대전 우송대점 
042-535-3577,"대전 서구 계룡로 616 101호 (괴정동,오렌지타운)",IF 대전 용문점 
042-531-3350,대전 중구 계백로 1685 (오류동),IF 대전 오류스타점 
042-861-1736,"대전 유성구 엑스포로 488 1층 114호 (전민동,엑스포코아)",IF 대전 엑스포코아점 
042-936-1811,대전 대덕구 신탄진로 814 1층 (신탄진동),IF 대전 신탄진점 
042-477-2003,"대전 서구 둔산로 130 1층 103호 (둔산동,대덕프라자)",IF 대전 시청점 
042-625-4864,"대전 대덕구 송촌북로16번길 57 (송촌동,선비Q랜드 102절반호)",IF 대전 송촌점 
042-636-1845,대전 동구 동서대로 1689 외 대전복합터미널 서관1층 W51호 (용전동),IF 대전 복합터미널점 
042-586-3338,대전 서구 복수동로 40 104호 (복수동),IF 대전 복수점 (신) 
042-534-6911,대전 서구 도마로 2 (도마동),IF 대전 배재대점 
042-826-5331,대전 유성구 반석로 24 (반석동),IF 대전 반석점 
042-826-8736,"대전광역시 서구 도안북로93번길 31, 106호 (도안동,더블루힐)",IF 대전 목원대점 (신) 
053-341-9078,"대구 북구 침산로 138 101호 (침산동,명성프라임)",IF 대구 침산점 (신) 
053-320-7702,"대구 북구 칠곡중앙대로 416 강북점1층 (읍내동,동아아울렛)",IF 대구 칠곡점 
053-783-7898,"대구 수성구 지범로 183 1층 106호 (지산동,시티월드)",IF 대구 지산점 (신) 
053-985-4747,"대구광역시 동구 팔공로51길 15-5, 108호 (봉무동)",IF 대구 이시아폴리스점 (신) 
053-961-3734,"대구 동구 안심로22길 52 102호 (율하동,월드프라자)",IF 대구 율하점 (신) 
053-635-7660,대구 달서구 월배로 106 (진천동),IF 대구 월배로점 
,대구 달서구 용산로 218 1층 (용산동),IF 대구 용산점 (코드변경) 
053-561-3100,대구 달서구 용산로 218 101호 (용산동),IF 대구 용산로점 
053-629-7570,대구 남구 대명로 283 (대명동),IF 대구 영대병원점 
053-202-7995,대구 동구 아양로 65-1 (신암동),IF 대구 신암점 
053-525-7999,대구 달서구 당산로 87 (감삼동),IF 대구 두류점 
053-421-4799,대구 중구 동성로 31-1 (동성로2가),IF 대구 동성로점 
042-482-7760,대전광역시 서구 둔산로 30 (둔산동),IF 대전 둔산동점 
053-965-2145,"대구광역시 동구 동호로 75, 1층 105호 (신서동)",IF 대구 신서점 
053-944-1253,"대구 북구 호국로 215 108호 (서변동,대성골든프라자2차 1층)",IF 대구 동서변점 
053-956-6900,대구 동구 신암로 96-1 1층 (신암동),IF 대구 대현점 (신) 
070 4246 0816,대전 유성구 은구비남로33번길 48 1층 3호 (북쪽) (지족동),IF 대전 노은점 
042-536-5331,"대전 서구 갈마로 262 상가 501동 110호 (내동,맑은아침아파트)",IF 대전 내동점 
042-934-1215,"대전 유성구 테크노4로 137 (관평동,웰스피아1층113호)",IF 대전 관평점 
042-543-6093,"대전 서구 관저동로 84 102호 (관저동,럭셔리빌딩)",IF 대전 관저점 
02-833-7001,"서울특별시 영등포구 도림로 134, 1층 (대림동)",IF 대림역점 
053-742-9241,"대구 동구 화랑로 123 101호 (효목동,유림)",IF 대구 효목점 (신) 
053-636-8747,대구 달성군 화원읍 비슬로 2571 (천내리),IF 대구 화원점 
053 521 3374,대구 서구 국채보상로 250 1층 (평리동),IF 대구 평리점 
053-358-8747,대구 북구 팔달로 167 1층 (노원동3가),IF 대구 팔달시장점 
053-793-3318,"대구광역시 수성구 신매로19길 46, 104호 (신매동,시지스퀘어)",IF 대구 시지점 
053-753-6263,"대구광역시 수성구 달구벌대로 2468, 1층 (범어동)",IF 대구 수성점 
053 583 0794,"대구 달서구 성서로 414 1층 104호 (이곡동,메가스타)",IF 대구 성서점 
053-655-2660,대구광역시 달서구 월배로 481 (송현동),IF 대구 서부정류장점 
053-521-1005,"대구광역시 서구 국채보상로 434, 1층 (비산동)",IF 대구 서문시장점 
031-747-0267,경기 성남시 중원구 산성대로 376 (금광동),IF 단대오거리점 
053-633-0570,"대구광역시 달서구 도원로 30, 1층 105호 (도원동)",IF 대구 대곡점 (신) 
053-585-4480,"대구 달성군 다사읍 달구벌대로 873 1층 (매곡리,동일빌딩)",IF 대구 다사점 (신) 
053-615-4700,대구 달성군 논공읍 논공로9길 78 1층 상가 (북리),IF 대구 논공점 
053-622-7570,"대구광역시 남구 중앙대로 221, 1층 (대명동)",IF 대구 교대점 
053-571-3315,대구 달서구 달구벌대로 1647 (감삼동),IF 대구 감삼점 
02-2634-8889,"서울특별시 영등포구 양평로 64, 1층 (당산동6가)",IF 당산역점 (신) 
053-638-2660,대구 달서구 월곡로 273 1층 (상인동),IF 대구 상인점 
053 383 2464,"대구 북구 동북로 163 상가 201동 110호 (산격동,대우아파트)",IF 대구 산격점 
053-982-3318,대구 동구 동촌로 230-1 1층 (방촌동),IF 대구 방촌점 (신) 
031-380-1448,"경기 안양시 동안구 동안로 119 1층 (호계동,뉴코아평촌점)",IF 뉴코아 평촌점 (신) 
,"경기 안양시 동안구 동안로 119 1층 (호계동,킴스아울렛)",IF 뉴코아 평촌점 
032-430-5309,인천 남동구 인하로 485 (구월동),IF 뉴코아 인천점 
070-4194-5151,"서울 서초구 신반포로 329 1층 3호 (잠원동,세기빌딩)",IF 논현역점 
041-736-1271,"충남 논산시 중앙로480번길 12 102호 (반월동,글로벌알디빌딩)",IF 논산 중앙점 (신) 
02-354-2266,"서울 은평구 은평로 233 (3필지(259,260) 1층,녹번동) (녹번동)",IF 녹번점 
02-875-7015,서울 관악구 호암로24길 74 (신림동),IF 녹두거리점 
02-938-6300,"서울 노원구 상계로 70 1층 2호 (상계동,화랑빌딩)",IF 노원점 (신) 
02-938-1389,"서울 노원구 동일로 1384 1층 114호 (상계동,상계주공아파트)",IF 노원2호점 
053-431-3939,"대구 중구 달구벌대로 지하 2100 C동 402호 , C403호 (덕산동,메트로센터)",IF 대구 반월당점 
031-982-3990,경기 김포시 김포한강11로 288-27 (운양동),IF 김포 운양점 (코드변경) 
02-824-5772,서울 동작구 노량진로 162 (노량진동),IF 노량진점 
02-882-7733,서울 관악구 남부순환로248길 7 1층 (봉천동),IF 낙성대점 
031-982-3990,"경기도 김포시 김포한강11로 288-27, 한강프라자 103호 (운양동)",IF 김포 운양점 (신) 
02-532-5717,"서울 서초구 방배로 174 1층 104호 (방배동,태창빌딩)",IF 내방역점 
051-242-9545,"부산 중구 광복로 56 1층,2층 (광복동2가)",IF 남포 3호점 
031-511-3411,"경기도 남양주시 늘을2로 26, 1층 17호 (호평동,메인플라자)",IF 남양주 호평점 (신) 
031-559-3993,"경기 남양주시 경춘로1256번길 9 106호 (평내동,강남프라자)",IF 남양주 평내점 
061-334-7773,전라남도 나주시 전력로 2 (빛가람동),IF 나주 혁신점 
02-2606-8748,서울 강서구 강서로 40 1층 (화곡동),IF 까치산점 (신) 
055-346-0721,"경남 김해시 진영읍 장등로19번길 41 107호 (진영리,유니온빌딩)",IF 김해진영신도시점 
055-321-0757,"경남 김해시 율하3로 48 1층 104호 (율하동,하이로프라자)",IF 김해 율하점 
055-332-2418,경남 김해시 해반천로144번길 10 103호 (삼계동),IF 김해 삼계점 
055-322-7267,"경남 김해시 내외로 80 1층 101호 (외동,옥정프라자)",IF 김해 내외점 (신) 
031-910-2508,"경기 고양시 일산서구 중앙로 1436 1층 (주엽동,그랜드백화점)",IF 그랜드 일산점 (신) 
02-909-4918,서울 성북구 길음로 33 래미안 8단지 상가 B-7호 (길음동),IF 길음점 
070-4229-7720,"서울 강동구 양재대로 1471 1층 110호 (길동,동선빌딩)",IF 길동역점 
031-209-5868,경기도 용인시 기흥구 삼성2로 95 (농서동),IF 기흥 삼성점 
02-2282-5131,서울 성동구 독서당로 298 (금호동4가),IF 금호점 
031-397-4463,경기 군포시 산본천로 230번 1층 (산본동),IF 금정역점 
031-947-8752,"경기 파주시 금빛로 24-27 108호 (금촌동,제일메디컬)",IF 금릉점 
062-233-3209,광주 동구 금남로 161-6 (금남로5가),IF 금남로5가점 
031-571-1090,"경기도 남양주시 별내중앙로 64, 제1동 103호 (별내동,오션 일레븐 4타워)",IF 남양주 별내점 
031-576-3571,경기 남양주시 와부읍 덕소로 89-1 (덕소리),IF 남양주 덕소점 (신) 
031-592-9220,"경기 남양주시 금곡로 71 1층 7호 (금곡동,세화빌딩)",IF 남양주 금곡점 
02-537-5848,"서울 동작구 사당로 215 101호 (사당동,서림빌딩)",IF 남성역점 
02-830-2251,서울 관악구 난우길 8 (신림동),IF 난곡점 
02-2611-5999,서울 구로구 중앙로1길 36 (고척동),IF 구로 2001아울렛점 
031-988-0628,경기 김포시 풍무로 105 외5필지  1층 108호 (풍무동),IF 김포 풍무점 
031-987-0477,경기 김포시 통진읍 조강로 58 1층 (서암리),IF 김포 통진점 
031-982-1770,"경기 김포시 김포한강4로 129 1층 103호 (장기동,하나썬시티)",IF 김포 장기점 
,"경기 고양시 일산서구 중앙로 1436 지하2층 (주엽동,그랜드백화점일산점)",IF 그랜드 일산점 
070-7765-9839,경기 군포시 군포로499번길 2 1층 1-2호 (당동),IF 군포점 
02-455-3305,"서울 광진구 천호대로 지하 550 (능동,서울특별시도시철도공사군자역1007호)",IF 군자역점 
063-462-2177,"전북 군산시 월명로 254 106호 (수송동,더모나코빌딩)",IF 군산 수송점 
063-468-3405,전북 군산시 수송로 76 2호 (나운동),IF 군산 나운점 
032-422-5968,"인천 남동구 성말로 10 111호 (구월동,효명프라자)",IF 구월 로데오점 (신) 
02-761-6581,서울특별시 영등포구 여의나루로 40 5호선 여의도역내,IF 그린라운지 여의도역점 
070-8836-3307,"서울 서초구 서초중앙로 107 102호 (서초동,삼화빌딩)",IF 교대역점 
062-672-5628,"광주광역시 남구 남구 효우2로 34, 101-2(행암동)",IF 광주 효천점 
062-227-2855,광주 동구 중앙로160번길 22 1층 (황금동),IF 광주 황금점 (신) 
062-361-9592,"광주광역시 서구 화운로 24, 광주유니버시아드 힐스테이트 A02동 110호 111호 (화정동)",IF 광주 화정점 
062-227-8717,"광주광역시 동구 남문로 667, 1층 (학동)",IF 광주 학동점 
070-4139-3922,서울 은평구 서오릉로 138 1층 (대조동),IF 구산역점 
054-457-0026,"경상북도 구미시 형곡중앙로 41, 1층 (형곡동)",IF 구미 형곡점 
054-475-2807,경북 구미시 인동중앙로 25 (황상동),IF 구미 인동점 
062-951-1755,광주광역시 광산구 수완지구 임방울대로 261( 농협 하나로마트 내),IF 광주 하나로수완점 
062-651-7334,광주 서구 풍암중앙로 53 (풍암동),IF 광주 풍암점 
031-763-2111,"경기 광주시 파발로 185 104호 (탄벌동,KJ빌딩)",IF 광주 탄벌점 
062-973-1882,광주 광산구 첨단중앙로106번길 16 1층 105호 (월계동),IF 광주 첨단점 
054-453-5243,"경상북도 구미시 고아읍 문장로25길 4, 1층 108호",IF 구미 원호점 
062-945-9592,"광주 광산구 선운중앙로 43 상가 113동 105호 ~106호 (선암동,이지더원아파트)",IF 광주 선운점 
054-473-4123,"경북 구미시 옥계북로 27 108동 113호 (옥계동,삼구상가)",IF 구미 옥계점 (신) 
054-462-5549,"경북 구미시 상사서로 55 118호 (상모동,상모프라자)",IF 구미 상모점 
054-473-3326,경북 구미시 인동36길 9 (구평동),IF 구미 구평점 
031-551-8709,경기 구리시 경춘로 224 (수택동),IF 구리점 
031-555-8709,경기 구리시 이문안로 78 (수택동),IF 구리 수택점 
031-529-9915,"경기도 구리시 갈매중앙로 87, 1층 103호 (갈매동)",IF 구리 갈매점 
02-869-9008,서울 구로구 구로중앙로 152 애경백화점구로본점 (구로동),IF 구로애경점 
02-859-3303,서울 구로구 구로동로26길 7 1층 (구로동),IF 구로시장점 (신) 
02-869-2007,서울 구로구 시흥대로 571 (구로동),IF 구로디지털점 
062-385-0816,"광주광역시 서구 상무중앙로 95, 104호 (치평동)",IF 광주 상무점 (신) 
062-671-5670,광주 남구 서문대로 683 (진월동),IF 광주 진월점 
062-672-2524,"광주 남구 봉선로 158 105호 (봉선동,남양빌딩)",IF 광주 봉선점 (신) 
062-265-1339,광주 북구 서하로 389 (문흥동),IF 광주 문흥점 
062-263-8535,"광주광역시 북구 서방로 89, 1층 104-1호 (우산동,빌리오네빌딩)",IF 광주 말바우점 
062-265-1786,"광주 동구 갈마로 46 1층 108호 (산수동,무들빌딩)",IF 광주 두암점 
062-225-8668,광주광역시 동구 필문대로273번길 24 (지산동),IF 광주 조선대점 
062-264-2469,광주광역시 북구 우치로90번길 6 (용봉동),IF 광주 전남대점 
062-576-0882,광주 북구 설죽로 506 (일곡동),IF 광주 일곡점 (신) 
062-376-3245,광주광역시 광산구 사암로 256 (월곡동),IF 광주 월곡점 
062-269-1339,"광주 북구 서하로 179 (오치동,건물동쪽세번째칸)",IF 광주 오치점 
062-513-0066,"광주광역시 서구 하남대로 706, 103호 (동천동)",IF 광주 동천점 
062-374-6001,광주광역시 서구 금화로 91 (금호동),IF 광주 금호점 (신) 
062-363-1983,광주 서구 무진대로 907 (광천동),IF 광주 광천점 
02-909-1486,"서울 노원구 석계로 103 410-7, 410-8 (월계동)",IF 광운대역점 
062-955-8508,"광주광역시 광산구 신창로 121, 101-1호 (신창동)",IF 광주 신창점 
,광주 광산구 장신로 120 103호 (수완동),IF 광주 수완점 (코드변경) 
062-953-9588,광주 광산구 장신로 120 1층 103호 (수완동),IF 광주 수완점 (신) 
062-945-1966,광주 광산구 광산로 34 1층 (송정동),IF 광주 송정점 
061-791-1533,전남 광양시 공영로 72 (중동),IF 광양 중마점 
02-2683-8492,경기 광명시 오리로 971-1 1층 (광명동),IF 광명사거리역점 
02-898-0877,경기 광명시 범안로 1050 1층 101호 (하안동),IF 광명 하안점 (신) 
02-2625-1366,"경기도 광명시 철망산로 87, 1층 (철산동,세이브존)",IF 광명 세이브존점 
031-211-7288,"경기 수원시 영통구 센트럴타운로 107, 1동 059호 (이의동,광교푸르지오월드마크판매시설)",IF 광교월드스퀘어점 
031-214-6377,"경기 용인시 수지구 광교중앙로 316, 103호 (상현동,킴앤코씨티하임)",IF 광교신도시점 
02-885-7298,서울 관악구 관악로 199 (봉천동),IF 관악 중앙점 
02-3418-3557,"경기 과천시 별양상가1로 25 1층 106호 (별양동,렉스타운)",IF 과천 중앙점 
02-949-1829,서울 노원구 공릉로 188 (공릉동),IF 공릉점 
02-717-0206,"서울 마포구 마포대로 지하 100 (공덕동,공덕역 22호)",IF 공덕역점 
054-763-1423,경북 경주시 안강읍 비화원로 73-1 (양월리),IF 경주 안강점 
,부산 남구 용소로 13-1 (대연동),IF 경성대2호점 (코드변경) 
053-812-0070,경북 경산시 중앙로 79 (중방동),IF 경산 중앙점 
053-817-2476,경북 경산시 백자로10길 3-17 (사동),IF 경산 사동점 
053-957-3561,대구광역시 북구 대학로 85 (산격동),IF 경북대점 (신) 
053-853-1141,경북 경산시 하양읍 하양로 87 (금락리),IF 경북 하양점 (신) 
054-781-4477,경북 울진군 울진읍 울진중앙로 122 (읍내리),IF 경북 울진점 (신) 
02-2616-5290,서울 구로구 경인로47길 14 1층 (고척동),IF 고척점 
054-971-3179,경북 칠곡군 왜관읍 중앙로5길 21 (왜관리),IF 경북 왜관점 (신) 
054-332-6963,경북 영천시 시장로 53 (완산동),IF 경북 영천점 (신) 
054-636-5587,"경북 영주시 중앙로83번길 28 (영주동,명동주택)",IF 경북 영주점 
031-962-5207,"경기도 고양시 덕양구 혜음로 30, 상가동 1층 102호 (고양동,삼성아파트)",IF 고양점 (신) 
031-921-6858,"경기 고양시 일산서구 대화로 362 (대화동,고양시 농수산물종합유통센터 일부호)",IF 고양 하나로클럽점 
031-965-5876,"경기 고양시 덕양구 호국로789번길 3 (주교동,중앙빌딩 1츨)",IF 고양 원당점 
02-441-8821,"서울 강동구 고덕로 256 1층 111호 (명일동,명성프라자)",IF 고덕역점 
02-927-9968,"서울 성북구 안암로 145 117호 (안암동5가,고려대학교중잉광장지하1층)",IF 고대 중앙광장점 
02-924-4664,서울 성북구 인촌로24길 55 (안암동5가),IF 고대 안암점 
054-734-6843,경상북도 영덕군 영덕읍 중앙길 112-1,IF 경북 영덕점 (신) 
054-773-9192,경북 경주시 원효로 108 (노동동),IF 경북 경주점 (신) 
02-969-1137,서울 동대문구 회기로 153 1동 1층 (회기동),IF 경희대점 
054-773-9193,경상북도 경주시 계림로 106 (황오동),IF 경주역점 
054-773-9190,경북 경주시 황성로 20 (황성동),IF 경주 황성점 
053-818-3318,경북 경산시 대학로 293 나동 1층 105호 (대동),IF 경북 영남대점 
02-723-7524,"서울특별시 종로구 자하문로 17, 1층 (체부동)",IF 경복궁점 (신) 
055-962-0116,경남 함양군 함양읍 고운로 66 (용평리),IF 경남 함양점 
055-267-0623,"경남 창원시 의창구 용지로153번길 7 103호 (용호동,영화빌딩)",IF 경남 창원용호점 (신) 
,경남 김해시 능동로167번길 7 GS마트 내 (부곡동),IF 경남 장유GS점 (코드변경) 
,경북 안동시 남문로 22-15 (삼산동),IF 경북 안동점 (코드변경) 
,경북 안동시 남문로 22-15 (삼산동),IF 경북 안동점 (신) 
054-931-1377,경북 성주군 성주읍 성주로 3222 (경산리),IF 경북 성주점 
054-971-3319,경북 칠곡군 석적읍 유학로 42 (중리),IF 경북 석적점 
,경북 상주시 상산로 274-1 1층 (남성동),IF 경북 상주점 (신) (코드변경) 
054-433-7790,경북 김천시 김천로 112-1 (평화동),IF 경북 김천점 
055-313-8948,경남 김해시 능동로167번길 7 (167번길 7 GS마트내) (부곡동),IF 경남 장유GS점 (신) 
055-313-1155,경남 김해시 인제로 189 (어방동),IF 경남 인제대점 
055-383-6245,"경남 양산시 양산역1길 18 102호 (중부동,나래프라자)",IF 경남 양산점 
055-745-5153,경상남도 진주시 진양호로527번길 2 (대안동),IF 경남 신진주점 (신) 
055-245-1282,"경남 창원시 마산합포구 월영동3길 14 1층 (해운동,요거프레소)",IF 경남 신마산점 
054-455-4123,경북 구미시 문화로 25 (원평동),IF 경북 구미점 (신) 
054-955-6005,경북 고령군 대가야읍 중앙로 11 (헌문리),IF 경북 고령점 
055-852-0117,경남 사천시 사천읍 읍내로 13 (수석리),IF 경남 사천점 
070-8268-2246,경남 밀양시 석정로 11-1 (내일동),IF 경남 밀양점 
055-366-1030,"경남 양산시 물금읍 삽량로 40 1층 114호 (범어리,세종메디컬센터)",IF 경남 물금신도시점 
055-289-8948,경남 창원시 성산구 가양로124번길 5-12 대방 GS마트 내 (대방동),IF 경남 대방GS점(신) 
055-673-0559,"경상남도 고성군 고성읍 동외로 175, 1층 105호 (양강빌딩)",IF 경남 고성점 
055-944-8176,경남 거창군 거창읍 중앙로 126 (중앙리),IF 경남 거창점 
031-841-9888,경기 남양주시 별내면 청학로68번길 5-18 (청학리),IF 경기 청학리점 
031-581-8948,경기 가평군 가평읍 가화로 130 (읍내리),IF 경기 가평점 
055-636-3225,경남 거제시 거제중앙로 1888-1 1층 (고현동),IF 경남 거제점 
031-794-1010,경기 하남시 신장로 134 (덕풍동),IF 경기 하남점 
031-637-2226,경기 이천시 어재연로37번길 5 (창전동),IF 경기 이천점 
031-377-7747,경기 오산시 오산로 210 (원동),IF 경기 오산점 (신) 
031-885-8253,경기 여주시 세종로14번길 3 (홍문동),IF 경기 여주점 
031-681-3344,경기 평택시 안중읍 안중로 125-1 (안중리),IF 경기 안중점 
031-674-6974,경기도 안성시 중앙로 390번길 (서인동),IF 경기 안성점 (신) 
031-593-3018,경기 남양주시 화도읍 마석중앙로 79 (마석우리),IF 경기 마석점 (신) 
031-864-0002,"경기 동두천시 동두천로 119 1층 122호 (지행동,지행역프라자)",IF 경기 동두천점 (신) 
031-981-7726,"경기 김포시 사우중로 45 112호 (사우동,코아센터)",IF 경기 김포점 
031-821-9828,"경기 의정부시 평화로 632 (9호, 1층전체) (의정부동)",IF 경기 가능역점 
032-567-3628,"인천 서구 완정로 153 104호 (왕길동,이레메디칼센타)",IF 검단사거리점 (신) 
,"인천 서구 완정로 153 104호 (왕길동,이레메디칼센타)",IF 검단사거리점 
02 3409 5772,"서울 광진구 능동로 103 1층 1-2호 (화양동,동서빌딩)",IF 건대점 
02-452-3981,"서울 광진구 아차산로 272 (자양동,더샵스타시티판매영업동 1층 7-2호)",IF 건대스타시티점 
02-464-8492,서울 광진구 능동로 127 1층 (화양동),IF 건대 그린점 
055-687-3589,경남 거제시 옥포로 228 (옥포동),IF 거제 옥포점 
02-431-8945,"서울특별시 송파구 오금로 512, 101호 (거여동,거여역2차 쌍용아파트)",IF 거여역점 
02-2066-1734,서울 구로구 남부순환로97길 20-10 1층 (개봉동),IF 개봉점 
031-531-8888,경기 포천시 중앙로 122 1층 (신읍동),IF 경기 포천점 
031-382-2776,"경기 안양시 동안구 평촌대로 137-1 103호 (호계동,안양신풍빌딩)",IF 경기 평촌점 
033-442-2292,강원 화천군 화천읍 중앙로 10-3 (하리),IF 강원 화천점 
031-769-5521,경기 광주시 중앙로 120-1 1층 (경안동),IF 경기 광주점 
,서울 강서구 강서로56길 17 (등촌동),IF 강서 뉴코아점 
033-436-2155,강원 홍천군 홍천읍 신장대로 78 (신장대리),IF 강원 홍천점 
033-553-9583,강원 태백시 시장북길 10 (황지동),IF 강원 태백점 
033-243-1980,"강원도 춘천시 중앙로 1가(지하상가 라열 51,52호)",IF 강원 춘천점 
033-455-2929,강원 철원군 동송읍 이평로53번길 12-2 (이평리),IF 강원 철원점 
033-638-1270,강원 속초시 중앙로 121 (금호동),IF 강원 속초점 (신) 
02-3424-1419,"서울 광진구 광나루로56길 85 판매동 지하1층 B-070,071호  (구의동,강변테크노)",IF 강변 테크노마트점 
070-7758-9888,강원 강릉시 솔올로 38 101호 (교동),IF 강릉 교동점 
02-471-0066,"서울특별시 강동구 천호옛길 14, 102호 (성내동)",IF 강동구청점 (신) 
02-2112-2370,서울특별시 강남구 테헤란로 152 강남파이낸스센터 B2F-D,IF 강남파이낸스센터점 
02-535-0585,"서울 서초구 강남대로 423 1층 (서초동,한승빌딩)",IF 강남직영점 
02-508-0585,서울특별시 강남구 강남대로 438 (역삼동),IF 강남직영2호점 
070-4147-5902,서울 강남구 테헤란로 101 강남역지하도상가 A23-26호 (역삼동),IF 강남지하점 
031-281-2277,"경기 용인시 기흥구 강남로 13 107호 (구갈동,스카이프라자2)",IF 강남대점 
02-588-0585,"서울 서초구 강남대로 375 (서초동,서초현대타워아파트)",IF 강남대로 직영점 
033-574-9166,"강원 삼척시 진주로 26 102호 (남양동,신세기상가)",IF 강원 삼척점 
033 532 9940,강원 동해시 대학로 20 (천곡동),IF 강원 동해점 
033-643-8865,강원 강릉시 신대학길 16 (금학동),IF 강원 강릉점 
02-6348-7100,서울 강서구 화곡로 318-1 (화곡동),IF 강서구청점 
02-537-1080,"서울 서초구 신반포로 194 지하층 쇼케이스 3,4호 (반포동,상가본가동)",IF 강남고속터미널점 (신) 
02-501-4617,"서울특별시 강남구 선릉로 320, 102호 (대치동,성진빌딩)",IF 강남 한티역점 
02-3288-0319,"서울 강남구 테헤란로 113 1층 101호 (역삼동,목화밀라트)",IF 강남 역삼직영점 
02-508-5876,"서울 강남구 도곡로 405 114호 (대치동,삼환아르누보2차)",IF 강남 대치점 
032-466-1201,"인천 남동구 남동대로 860 상가 1동 103호 (간석동,간석래미안자이아파트)",IF 간석올리브점 
032-435-5858,"인천광역시 남동구 석산로 15, 1층 일부 (간석동)",IF 간석역점 (신) 
02-861-0585,서울특별시 금천구 벚꽃로 286 (가산동) 삼성리더스타워 109호,IF 가산디지털 직영점 
02-542-0585,서울특별시 강남구 압구정로12길 50,IF 가로수길 직영점 
02-2157-5206,"서울특별시 송파구 충민로 66, 패션관동 1층 1011호 (문정동,가든파이브라이프)",IF 가든파이브점 
062-718-9430,광주 동구 중앙로 163 (충장로4가),IF NC웨이브 충장점 
032-812-0835,인천 남동구 청능대로 338 남동공단 (고잔동),(주)안느 
031-8065-3760,경기 수원시 권선구 경수대로 270 2층 이니스프리 (권선동),IF NC수원터미널점 
054-420-0883,경북 김천시 공단3길 20 (대광동),(주)마린코스메틱 
02-6276-8225,"서울특별시 관악구 남부순환로 1820, 지하층 26호 (봉천동,에그엘로우)", IF 서울대입구점 (신) 
051-794-7202,부산 부산진구 동천로 92 (전포동),IF NC백화점 서면점 
051-590-8273,부산 금정구 부산대학로63번길 2 NC백화점 부산대점 1층 (장전동),IF NC백화점 부산대점 
031-8010-8510,경기 이천시 영창로 165 (창전동),IF NC 이천점 
031-436-4154,"경기 안산시 단원구 광덕대로 194 2,3,4 스타맥스타워 1층 (고잔동)",IF NC 안산고잔점 
032-624-8252,"경기도 부천시 원미구 송내대로 239, 2층 (상동)",IF NC 부천점 
031-231-6545,경기 수원시 팔달구 인계로 154 (인계동),IF NC 동수원점 
070-7729-9449,"서울 강서구 강서로56길 17 4층 (등촌동,NC백화점)",IF NC 강서점 
,대전 대덕구 대화로 80 (대화동),1300_코스비젼 
041-587-1375,"제주 제주시 산천단동길 16 (아라일동,제주테크노파크 화장품공장)",(주)콧데 
